y_true,"EC2 (refit C_Rd,c)",OLS (raw),Random Forest (raw),"Power-law (d,rho,fck)",Power-law (+geometry),EC2 free-exponent,EC2 x correction (grey-box),Symbolic regression,OLS + mechanics feats,Random Forest + mechanics feats
1.6821161723450557,2.08267786832921,2.03443747223392,1.5652528765091456,1.8221213556205118,1.836443970528725,2.0541540001416507,1.9338630592986368,1.6226730963368274,1.8943255784064505,2.1572748731558082
1.7797312041080848,2.1013423715452935,2.0667363317929377,1.5652528765091456,1.8365211634236487,1.851305438724972,2.071118785275778,1.951193916767584,1.6274756963072683,1.9103170098786597,2.1608219573361556
1.6349355526416187,2.0701259937857746,1.9978805762045462,1.577487143174688,1.8206645465291396,1.8309880824500526,2.04273851063505,1.9266229031359774,1.6238144503681085,1.8892238407726836,2.15174137304591
1.8145937154520237,2.401612311303705,2.1930450333787053,1.935475819666445,2.0873691870167215,2.0975618447496567,2.3424991142613254,2.2300084915738454,1.7717922067768508,2.201242408663537,2.2529881271996453
1.658756097816916,1.9566293496807419,2.259959376650543,1.3448396268894396,1.7125751241997016,1.7317506505130054,1.9390785184683537,1.8161387974119008,1.5641655527663143,1.7593789244088431,1.720426784821825
1.6748929430636652,2.131187904891832,2.121958351113923,1.5663151374889586,1.861910527849487,1.8764191804691852,2.098221971156497,1.980405419223085,1.6350433091496126,1.9370040859384399,2.1672912390287524
0.9677415287012577,1.5140458277411324,1.8117513089023451,1.1088606508093926,1.3456301245246458,1.365971682004388,1.5306801417276754,1.4048086081247837,1.295642896804831,1.317945022335771,1.4381185059541062
2.0143860441105903,2.2372554710995307,1.7607258395457663,1.9498324224661727,1.8071471137648452,1.8280346401568115,2.210985722825965,1.766185339339811,1.5615285584070377,1.902849869442063,1.9929601330971691
2.2163162406126657,2.602465910824092,2.087330060323435,2.054819357029415,2.104780488159284,2.068807202873486,2.5645747907434386,2.1373869594139063,1.7264060687170442,2.2539241607304494,2.34266568546986
2.210911511828697,2.4682672640688472,2.050679384526056,2.00508100390828,1.971223504656491,2.0015865558121093,2.4301475508142283,1.9485559479840213,1.635710376588856,2.1464781192543176,2.246560384893025
2.358305612617277,2.7884364422332757,2.5213886653451567,2.138200638431827,2.40619385380013,2.4295254585517276,2.7326137000372204,2.201311217056881,1.8386215084939477,2.542350790027472,2.4793126952102154
2.0316232205616105,2.831305378619055,2.3559634917022327,2.070901212994986,2.2676530613128087,2.236160041564981,2.781116280432063,2.3253312057649715,1.820906068717044,2.497012207104305,2.4088692577459447
2.4010092606637214,2.8133426087870435,2.3332220371939743,2.070901212994986,2.2549250065911934,2.223062450759672,2.7641437377238542,2.3105785091651003,1.8129060687170442,2.477673080907059,2.4088692577459447
2.6780487907403048,3.005313402465741,2.71635217408833,2.152740585196367,2.638609896742638,2.5881756735553765,2.945322909643263,2.468242772620238,1.9800830606950983,2.7110462996727294,2.476255998074246
2.308662750638194,2.8877868230143195,2.5784821061320162,2.152740585196367,2.5471446786064544,2.494613879071104,2.8344574249161125,2.3717190190297655,1.9315830606950983,2.5827150470598568,2.47574464785317
2.6780487907403048,3.0512031276128155,2.8428515147905156,2.152740585196367,2.6742106104464445,2.624631002119091,2.9885664317437284,2.5059316813173695,2.0245830606950985,2.7615886511305927,2.476255998074246
2.8638489091899593,2.8489134517280092,2.740125616435317,2.546418036991434,2.8107226903133293,2.8134080646653192,2.7977496884604673,2.8851978796161997,2.3933583989059506,2.8691519250438593,2.720865673272339
2.4074369795468034,2.5681719212860306,2.4728176338355956,2.00508100390828,2.04162246442236,2.0762478965746958,2.5246805515742374,2.0274249654869885,1.743710376588856,2.2547368253724267,2.341719587530718
2.5857022807147767,2.8903078079899256,2.8164779454944577,2.070901212994986,2.309395660725888,2.279136994702089,2.836837311556374,2.373789486269827,1.9829060687170441,2.560823972199491,2.4088692577459447
2.86274181079136,3.0512031276128155,2.993513650907725,2.152740585196367,2.6742106104464445,2.624631002119091,2.9885664317437284,2.5059316813173695,2.0775830606950985,2.7615886511305927,2.476255998074246
1.543727439584014,1.8075801889861984,2.0583260486566393,1.4642298006839134,1.8094932548238711,1.8061752909855069,1.8083954036804626,1.8089932368043036,2.0005267141261553,1.717714713186055,1.557130059984974
1.4610277553205846,1.5204706015745293,1.6386888579469407,1.3717008446191685,1.5324481572270976,1.5274187929236482,1.5457844646896266,1.5216592059192433,1.600362831280625,1.4610277439243387,1.3412481055521834
1.1646872200432963,1.1007931741161263,1.255861947124058,1.2073562009612488,1.1236189140646686,1.116898908061519,1.15319133020773,1.1016537021316177,1.1264682919602913,1.1070631088975755,1.16591515020162
1.6057522027815858,1.5477973885076755,1.672554315442811,1.3822157491101357,1.5588999379932929,1.5540161171008537,1.5709656914712922,1.5490073551448549,1.635290932884649,1.4850501615513976,1.373766611594754
1.6057522027815858,1.9057152206790864,2.236487803308827,1.478581433595461,1.9037776506145734,1.9011303418203906,1.8972382650635484,1.9072049840383656,2.156371346393607,1.8073446595747737,1.6725428678011711
2.1984332733361627,2.0362087187622273,1.9156143713018068,2.0185860418675468,2.0151918302291367,2.004813714253191,2.014722837685182,2.0378004933926337,2.0520397711331606,2.002932820444687,1.8455840898601001
2.046817185519876,1.7846243060033438,1.6962251031763858,1.6216191884164484,1.7753701401612898,1.7642728214032222,1.7875493148839265,1.786019408415453,1.8146537777033238,1.7720459061464038,1.5231416774330733
2.3500493611524496,2.0421452209208715,1.9215040160836974,2.0185860418675468,2.0208361387744196,2.0104780868958736,2.020050571281534,2.0437416363198997,2.0579870206871367,2.008441712238554,1.8433084633394439
2.494773808613451,2.4496695995559725,2.413289355371554,2.1041723273402186,2.4068581636767923,2.3981816828858515,2.382570667815656,2.4515845908265246,2.5127659776373523,2.3920306117820394,2.21746608942235
1.9710091416117321,1.7550720996205784,1.6741389352442964,1.6048116903241696,1.74711582513857,1.735951768840583,1.7606764168809086,1.7564441000530335,1.7884757021069553,1.7452902773656283,1.5180946549165188
2.7911143438907393,2.3125590585289117,2.2277655447420033,2.1001835998343807,2.277286227104478,2.2679799862445313,2.261277198513951,2.314366865757495,2.348750463629914,2.2618772606069717,2.206509683548993
2.2695494884904273,1.743269257340921,1.7298642186121693,1.6141791260057892,1.7344797371528813,1.7271023355595014,1.7499319548630716,1.7380864941487923,1.79593420271501,1.691740259408325,1.5352281619536365
1.6239591647849392,1.57329640112576,1.5492424496854644,1.5892269400754073,1.566611729677447,1.555385491697746,1.594425432587537,1.568618969544995,1.627657435857667,1.5757580896223888,1.5398405504588397
1.956737682158902,1.6710001971145323,1.6110837198953145,1.608394762349484,1.6599703773251613,1.648908881800487,1.6839941289502727,1.666032290820553,1.7087129785483746,1.6626888272622298,1.54685122896513
1.4599549474361964,1.483170692161873,1.4793562398496836,1.5625308927899533,1.4770339232376417,1.467537793918518,1.5113451033353285,1.4733228339267717,1.5310620304936506,1.470615765637796,1.5311353197681934
1.2012100489273843,1.5907472660071962,1.8269375225174405,1.3602693618914379,1.5605052521133658,1.550889435034843,1.602338258273749,1.5895230845139303,1.3816191321269866,1.5144076856173334,1.5898897537021786
1.68034439428606,1.935569693518292,1.9803827272393457,1.740522309038995,1.8812630948926712,1.8622875394114102,1.9200170537778887,1.9340801491712012,1.5921171411842787,1.862980362540924,1.7429063591539193
2.4024200978547685,2.3198908119581896,2.1626237770216337,2.2158249167362998,2.2391621640101773,2.206437620323173,2.2689174655968403,2.3181055079950244,1.8065444483369293,2.2415953925098866,2.308616851071041
3.085611395912624,2.527771529320096,2.405820869989229,2.4069458859872728,2.588082878147059,2.5320975417068565,2.455711114578024,2.536132956516968,2.004521949486547,2.4509846643913704,2.4683029239295107
2.4024200978547685,2.2196378430641146,2.1485092317608045,1.981618579233212,2.1419223120250197,2.1153563242507936,2.1783723319433377,2.2179296901555436,1.7348395681759534,2.1375305772751414,2.254553966534415
1.9821649678723159,2.1125293893499877,2.0204799695853106,1.8277052342776752,1.9864888573036241,1.9872513642289344,2.0812813884844257,2.0740863932532863,1.6953341965910187,2.013292886708042,2.0825435689023704
2.4686137099877694,2.454944955096519,2.2501740476162846,2.132814624921519,2.289759999063861,2.2851102508503405,2.3904137655064894,2.4102708124303045,1.854781101752923,2.3375057806016715,2.214647492130788
2.93233120247166,2.716685213537128,2.563315960221424,2.5330395298805706,2.643832649592965,2.6322951949187585,2.624420276381515,2.6672480224682222,2.022592699333326,2.5771009740118833,2.4659118570465695
2.906936981505112,2.3573148452045785,2.216563807354353,2.1649194673099132,2.2710020832204703,2.265177900849221,2.302638599268655,2.410736337744029,1.8135093040281713,2.3108582678295013,2.2898748299171996
2.8318709244741136,2.344972656523111,2.217777451448886,2.1468355720678014,2.2605081183159585,2.2761389799795175,2.2915222559674295,2.4435539816237886,1.8112258108741284,2.3432617711116994,2.2988734465182166
2.1594787396447357,1.9091962479628388,1.766228682433691,2.103847172700898,1.8855084511285232,1.8503300484861573,1.8958864619062648,1.9077269996644368,1.721503661121208,1.8899645917789167,1.7777417785545928
2.0730525595113347,2.039102672747816,2.1559785230480992,2.2733932611352063,2.119037036155572,2.4796364981908323,2.0282229262548204,2.495378185943975,1.8340474601083443,2.2621799261437943,2.3896036739904876
1.514141330231318,2.039102672747816,2.112107869501776,2.2792740960320854,2.119037036155572,2.302754960407863,2.0282229262548204,2.3072484756712437,1.8340474601083443,2.150143517991239,2.4100051446051527
1.3109008832204028,2.039102672747816,2.068452268178719,2.215019942070031,2.119037036155572,2.18558695770719,2.0282229262548204,2.1830958173115538,1.8340474601083443,2.0944684782744,2.212911711087452
1.4125211067258603,2.039102672747816,1.9811410655326045,2.164106299054358,2.119037036155572,2.0304378565307957,2.0282229262548204,2.019306653028276,1.8340474601083443,2.0387477658424524,2.124428316732959
1.0511047170197603,1.2098945637422873,1.0794305807822857,1.1819770796734865,1.1284089665890857,1.1250678582868847,1.2450472753535493,1.124261676040072,1.3219517961478573,1.1262764409380375,1.268680291164723
1.0551506166915627,1.1759786464977808,1.0615295610641629,1.17225888451179,1.1011604913402577,1.0969388370245987,1.2128369858543686,1.0931588573131443,1.306928145709947,1.0957609190906274,1.2732036574196086
0.8523884023593081,0.9301673711950964,0.9517954378512439,0.8479313840484124,0.8753580182345793,0.8791656680766432,0.9770574392986675,0.864332776653699,0.9082852386501585,0.7890863228498988,0.6942346892055766
0.7948173854711007,0.9165585197687898,0.9408576397363335,0.8398152442272134,0.8663665862340446,0.868762666330764,0.9638717599708788,0.8526571711148481,0.9041628682125497,0.7803574462350528,0.6912495585120446
1.506060490058164,1.310385082516497,1.3786847238972155,1.3561766870935392,1.3230741021013612,1.315456435573297,1.3400782451235675,1.3066814653919727,1.3651162871210503,1.296473515715991,1.3037821835140007
1.3768187752303012,1.1808582818379691,1.300779866621677,1.272609550170417,1.2089288929145847,1.1984446244445661,1.2174756472533688,1.178412438742633,1.3129784646044258,1.1807509935424103,1.3330304680055156
1.0476093143557237,0.9625534751377319,1.2125007731907707,0.8826450802742732,0.9892163376686228,0.988249733003744,1.0083763401309276,0.9612945716155198,0.9438073783673849,0.9036504509966935,0.8435657273192785
1.050356591412807,0.9265052570136435,1.1861684018894798,0.875744469187307,0.9545044080273934,0.9537519928461513,0.9735106911081638,0.9245862405486598,0.9050412902286574,0.8655594254785215,0.692432201717664
1.4870761251390383,1.3825561186235573,1.428295739959078,1.482388418118526,1.4492738961841374,1.454563335332059,1.4153567813162855,1.4560589529561123,1.5353302703764706,1.499376630901771,1.4405425511800607
1.6391634561191673,1.474660158435171,1.4653153868070032,1.4697503782647325,1.542461457910702,1.5508224474590389,1.5016092743654665,1.5530596532999381,1.614616397407048,1.5350821938249521,1.5102701902774436
1.33978956325573,1.1415547917480977,1.2542555905672008,1.148494448185288,1.198268225892022,1.2026730106286374,1.1873117711999677,1.1973080224829986,1.2521311634904222,1.2639150901376466,1.2125110296134902
1.33978956325573,1.369202216087343,1.3943091749252332,1.3962784590585988,1.4286905363758282,1.4359632115454184,1.402812483145353,1.436073686145611,1.4923026004874749,1.4280641057503345,1.4600056929993837
1.4380785929374829,1.5568258649113185,1.1968238727527236,1.2965212703866102,1.3581904538807485,1.3546731376737622,1.578178369669926,1.3932642729673759,1.42547622962185,1.328834822734647,1.3172262155374748
1.6597142851728761,1.5247171652816809,1.4058798749182702,1.4172533231742448,1.4477468092990786,1.4384629030331069,1.5482975228667377,1.4574924424190534,1.4961731587976623,1.4311043859450332,1.3364792165447803
1.5533223438156405,1.5469347092992658,1.422059167382063,1.4382303005097161,1.4681452480499313,1.4589267727634136,1.5689789939583205,1.4787304157508223,1.5141730901776849,1.4492152898278508,1.34486752024954
1.9916571422074514,1.5247171652816809,1.624672561408672,1.634519716196121,1.6495284146717073,1.6298434411612122,1.5482975228667377,1.6167517917934435,1.7524231587976624,1.6312526309446438,1.5610310528252005
1.7873846148015589,1.5469347092992658,1.6408518538724648,1.6571664973796056,1.672769912507066,1.653029929871064,1.5689789939583205,1.6403104260881156,1.7790168401776847,1.6493635348274613,1.620718348613198
1.7873846148015589,1.581971489660893,1.667327059722308,1.7006170566301075,1.7093992518784797,1.6895788446533522,1.601543629773205,1.6774620885197962,1.821718472308152,1.6782963742390433,1.693771862157348
1.432236439224186,1.2172641295438458,1.3214464459020585,1.3344762697027495,1.2315683032817584,1.2247706514460643,1.2593449185263557,1.228806875980338,1.2892840112940642,1.270235915646869,1.3077956876918218
0.8942389950486034,1.1325302657218714,1.1228824020282362,1.283380164326434,1.1485564756786795,1.1414509386042337,1.1786995392684037,1.14326952055704,0.8125752205832563,1.216321494174966,1.2298702707252347
1.555830446669928,1.5250307769498452,1.5332480927008023,1.603238435230583,1.5315741406414192,1.5263164083817897,1.5485896248376285,1.5394919305638728,1.5856626904552267,1.498785625543277,1.4125909412563267
1.161221951203999,1.3856014062568278,1.389372748227108,1.3304397523860187,1.401725291407329,1.3922658182436467,1.4182160355013929,1.403524434019589,1.23968532188641,1.4762869221281356,1.4122726702103905
1.6136460880367258,1.5977807129824584,1.604116084564723,1.656224754094563,1.6088295218607718,1.600090947315093,1.616217764560464,1.61844832197035,1.6790443405623245,1.6453858713131664,1.6043107771818668
1.870019765575271,1.9625889972581803,1.8350387133661312,2.2030608487411425,1.962861786081297,1.9559369178462287,1.951731989642216,1.9879754734308437,1.9811417157070026,1.9712303029320304,1.9107119606948557
1.002603318117727,1.4457502890429168,1.4107246134842049,1.4388026866154386,1.3963221754708228,1.3594459757662443,1.474585458515626,1.3401311878171063,1.43514705377256,1.3560042466980993,1.273789710736519
1.3529724820632107,1.403598240448673,1.3867977538391718,1.3911332937504577,1.35692891582149,1.3517095487423765,1.4351028848198164,1.3719976211978098,1.397275771083351,1.3364265214233888,1.277850248337104
1.4125012786782896,1.4094957813129902,1.385758741628587,1.4119882707672415,1.3624427825682048,1.3453622406740386,1.4406327764020366,1.3502753038396942,1.402539656873297,1.3342620732219044,1.2626289363518344
1.4689526969262496,1.4802723660794515,1.4420229706969736,1.4793610743010404,1.4285567028387554,1.4125825240994294,1.5068502393558165,1.4210534593569473,1.4666074767817303,1.3899243381341115,1.2926052270769242
1.4214134993288108,1.4172832088587222,1.3950168875989775,1.40808765627098,1.3697224264257786,1.3611282718939515,1.4479318083156756,1.3773705740056177,1.409507460394813,1.3446559616000606,1.2718976526384005
1.2264109379778163,1.3562620291036322,1.434789158249317,1.2585718558992143,1.367920557810733,1.360531333552457,1.3935521586666026,1.3496692207939196,1.395122180005192,1.3057207056858675,1.3370967030902798
1.843550713751312,1.8162575429048038,1.54770685861536,1.5277772117025856,1.7027358977084135,1.7008336702077969,1.8182158437625473,1.7046844751401742,1.7545286802802977,1.7077176756035823,1.6249872874710254
1.5362202299234724,1.5274413502885662,1.3335962877165808,1.5812556668359092,1.452284151437264,1.421274745325833,1.5434600814998483,1.452393944202896,1.595785813537457,1.4947881304408805,1.54075945839814
1.3701545778571316,1.4026588488137972,1.3711735165491579,1.4031636979729312,1.3597600034881339,1.3372250654708184,1.4152538119321236,1.3524470011911411,1.3971892601237974,1.3389264903819589,1.4461432442512059
1.1613156455614835,1.0677596309343764,1.081847765634916,1.1361196922184609,0.9445588901225032,0.9674378269092941,1.0886309883241854,0.9692149618099969,1.1630961033008254,0.9210313583715491,1.0423761616166611
1.9936998674815098,2.020352106652197,1.9402577229995595,1.6490491767101043,2.0774799374337016,2.0534501231772238,2.000485183780921,2.07747292895899,2.092320417015682,2.0778825403759367,1.8743828767715531
2.296023208042231,2.1142643204323393,2.01911044877302,2.050542897793953,2.170174141779041,2.1862189153498384,2.084660589379645,2.274067934971415,2.179344910855588,2.2171746794917198,2.1137600042724296
2.5342364015401793,2.0744756423498436,1.9855499586921754,2.008319938841095,2.1309216644846676,2.1380275985398978,2.049040494503418,2.210467011387158,2.142011798873767,2.1652515929853284,2.1114879661951518
2.31645046078282,2.030985734653759,1.9692091763767319,1.7752033212903156,2.0879839999340635,2.11561601791713,2.01003426055682,2.217024913108849,2.101986163602104,2.1693865280055764,2.029331970206807
1.7352158364553874,1.4767149420041883,1.2315185121800076,1.483610150097814,1.326440333063413,1.355691008539806,1.4972497002342713,1.3177349189970609,1.3818200114512456,1.3183497563644186,1.3149197031435902
1.8364201560230613,1.6341711463594737,1.6272236590056468,1.7155049811917513,1.6209200804184762,1.6375519446284281,1.649537544867455,1.662631699616108,1.6708408091748026,1.6541370608922839,1.5592743646070952
1.4559550782874944,1.4162430366212029,1.4582458975677954,1.5396201821730284,1.4191391638649467,1.381258593656002,1.428434082997316,1.3964252105075605,1.480619467497947,1.483577467436478,1.3803978918834865
1.267332688388319,1.2372022501110977,1.2745220555448098,1.3941227033607306,1.2337831270383228,1.1886336422403878,1.2543099553049444,1.1897238923297953,1.3664798422754483,1.2611470803290705,1.3046834103033984
1.3306735778161654,1.3750812968757695,1.2430140273989942,1.4682266084076752,1.3598360955829818,1.3219873475454393,1.4110821404763807,1.2942289666953368,1.4321387480846783,1.3379519283931165,1.461310454343514
1.1335367514730297,1.6756493498525697,1.4432619499832713,1.521713611133601,1.6442642610091713,1.6011538252845758,1.6882438401823971,1.577124153699642,1.6869026519829537,1.6016414762595466,1.4805350725927822
1.2074630613517057,1.335771546069266,1.2224002706623773,1.474529538373536,1.322466762954212,1.2853451439584398,1.3744397420329033,1.2572305591953994,1.4007915673915954,1.3044189231489294,1.4992919313145363
1.2972731541006166,1.550830363284993,1.3661184960982913,1.4789454185361435,1.5264137757602378,1.514658233014155,1.573757974814724,1.530008391824619,1.5776541895287521,1.5128295112446317,1.5298825411211934
1.2998709487000504,1.7675828868192123,1.5031836895851505,1.5239831892097226,1.726563117196211,1.679384057612495,1.772058019589542,1.663652162496881,1.7691650710164635,1.711972059243048,1.5519540182688596
1.6026206384892931,1.3323831634848131,1.337623753050119,1.3119969753826533,1.2987706652770041,1.3051665097010279,1.368172852852198,1.3335538390536847,1.3804317545895683,1.3387829335166752,1.3255425110072663
1.6149801806884394,1.3663437480317326,1.3552738902833474,1.3639278628669929,1.3307742951848094,1.3376407667082577,1.4001260022271091,1.3675442624845855,1.4067828078126108,1.3637377058275992,1.3468349997254863
1.5415395821982498,1.2996550759830685,1.3118148896795176,1.3346940807647873,1.2679031620861354,1.2680931905275508,1.3373155120464506,1.2873702311979756,1.3553031778210978,1.3099020142658597,1.3024401727777393
1.6988395395654183,1.3236172309951715,1.3235816478350033,1.315449405248243,1.290505540592793,1.2909182402620598,1.3599141982621605,1.311105886609931,1.373675646321672,1.327054179924961,1.3005721087531277
1.499514076832968,1.5800654980687219,1.5085311964404922,1.641602916234037,1.53169633500784,1.5410527764246762,1.5997736691433535,1.584161065050304,1.6024536793776225,1.5685440273739069,1.569443150258003
1.537455939839044,1.5499355600972795,1.473197705356558,1.5826214291372867,1.5034388439400745,1.495616079675476,1.571770480569475,1.514858807140625,1.5804704249850714,1.531887558037101,1.471705243231338
1.5284633852944158,1.4479564811642787,1.4085121293000964,1.3915898003154423,1.407604144807658,1.4151255845383988,1.4766492861303386,1.4492287032425395,1.4811490135460434,1.4367518545762832,1.4001470018800908
1.6467006077904793,1.4094957813129902,1.4578545631601834,1.5238713773323134,1.371508063769328,1.3819921016037626,1.4406327764020366,1.4227347239992467,1.4953846284199273,1.4477946672929516,1.4386737990699314
1.2909630476502172,1.265144214554578,1.2784316317023583,1.333867961016119,1.2358758897405555,1.223556932986644,1.3083506567414394,1.2146285179186718,1.281542303753632,1.2093530041651748,1.3021029524063281
1.3715393414576245,1.2452846091849572,1.264456467432423,1.2883824477423973,1.2152753505667742,1.2031321724897994,1.2897061657640914,1.1936702325798305,1.2609420205645496,1.1889509371560123,1.2431469864514944
1.3922150513874891,1.4643693481488143,1.4255425557974193,1.5198829030471188,1.4164214609351884,1.4003035736967115,1.4939552592238865,1.4058988300031425,1.5075678100172,1.4256354449608186,1.4820865684958662
1.3922150513874891,1.4643693481488143,1.4255425557974193,1.5198829030471188,1.4164214609351884,1.4003035736967115,1.4939552592238865,1.4058988300031425,1.5075678100172,1.4256354449608186,1.4820865684958662
1.5889768609912485,1.707609929802856,1.576180332122209,1.5925685905081168,1.6284110184673006,1.6107750441363793,1.7174290059003214,1.629205093446027,1.693675601066181,1.646062511233989,1.5540097225608467
1.5613689622407532,1.6829666887432875,1.5611987204212645,1.6098629872148364,1.6030753829286915,1.5855243687827232,1.6949302788088734,1.6032363515319377,1.6750447633230001,1.622021255355996,1.5650401650774166
1.5144342549057543,1.3568646143562766,1.3334555309672713,1.4400537121969217,1.2955293695208114,1.3013120045395508,1.3941138099384238,1.327536917060993,1.3713405140489905,1.3157400653639082,1.3788477384000937
1.5131200214523686,1.3345274072770081,1.3316991695413476,1.4603388966828748,1.2828982020995119,1.2880490450370434,1.373278403829029,1.313418125565183,1.3651782375113766,1.3092761161740536,1.3961152405443673
1.4587709416202483,1.604388474928863,1.5693836138007664,1.610099670436436,1.5373503647603977,1.5413704026129014,1.6229832575454783,1.5911487173718168,1.6418935396147696,1.6044543613365918,1.6298182725400174
1.9163207357325431,1.8129942523568303,1.7661405568155302,1.6963538868127166,1.7656429227767627,1.770321812129123,1.813308286504565,1.7952357156493426,1.8333642039888827,1.8037429807293948,1.762093096638852
2.1366237432970485,1.8129942523568303,1.7744590581858062,1.7011410744406559,1.7737124209514021,1.7782999207087897,1.813308286504565,1.7980330352148368,1.8399753326617927,1.8063195130705438,1.7651866921608341
0.9694767105068025,1.0640916184765914,1.1765517616862153,0.9296477857708112,1.0404067879217507,1.0468593719063455,1.1182581825779119,1.0488389723852933,1.0156092644686487,1.0177599624339257,1.077596019844489
0.944425432307307,1.06298336650985,1.1738654053516113,0.91872481832855,1.0361741263453728,1.0427868886645908,1.117201607993665,1.0446070349051095,1.0081465576161912,1.0099582821531898,1.0531631658994178
1.2984050699249068,1.378235864299278,1.3607049812402006,1.4287450550057703,1.33246260520565,1.338257829517822,1.4140184044363424,1.3647358478729064,1.3998206739374117,1.352939368490588,1.357725097898942
1.2641540582609145,1.3055873433940954,1.315085718354659,1.4522539428550905,1.260922104999484,1.2660675242278487,1.3462357896750836,1.2888291564257401,1.3364640799557348,1.2841254031740656,1.372190576490369
1.1817386754358232,1.2651970850565881,1.261217333296355,1.2486383053376946,1.2617049371980735,1.2677773284971943,1.3029729226799114,1.25599934669646,1.189643228878757,1.2961638635972466,1.3255507226403556
1.4235465892213712,1.4292662381604777,1.4148829291071254,1.5102869563779484,1.4072284409343248,1.417320373663112,1.4579379757224356,1.4188757487570212,1.4524756932216083,1.4283339862148792,1.44002031560993
1.3884454404460498,1.5270687356386146,1.4670194705429225,1.5358004255639253,1.4931325422104154,1.5057557167598972,1.5496408584382422,1.5159672409748741,1.5153858502459505,1.5101052903763268,1.4309852739377291
1.368944802237538,1.6958875356061036,1.5740365819111375,1.5464763622015039,1.640082544753656,1.657286167317178,1.7068667839597442,1.6835587608840137,1.6221469739292742,1.6555672374558021,1.5562006841870608
1.3884454404460498,1.2756537335080271,1.3462822166916029,1.4287486218785699,1.2710361629673899,1.277355612299282,1.312894374083643,1.2663799773339819,1.3534875909740423,1.3043763376523985,1.3454934159758531
1.3760290315049457,1.5214892950901366,1.7885252709858852,1.750093034256215,1.656024045412437,1.6567116113414437,1.5444220519693304,1.519087562170132,1.7370726712487023,1.5739458765306393,1.4491748540586944
1.6479389598861627,1.5214892950901366,1.8681020973878912,1.888411398506964,1.656024045412437,1.6567116113414437,1.5444220519693304,1.519087562170132,1.9713586022011658,1.5739458765306393,1.4491748540586944
1.923968735667095,2.0534422386109448,2.115064662083772,2.1784995705851933,2.1658960114529293,2.179323486743033,2.0359717956004815,2.05020079626908,2.4053463778706816,2.0463459834404802,2.122940680188299
2.1093618686542883,1.8009134622697816,1.983351294245969,2.158118702315892,1.9258338924323746,1.9328898002186654,1.8040546815714598,1.7980706469030416,2.2090913347601138,1.8169844801091894,2.0078371035834337
1.4666656742986848,1.5214892950901366,2.265684345185388,1.766794207781292,1.9054496890642896,1.901974147376917,1.5444220519693304,1.519087562170132,2.0708404658825237,1.5739458765306393,1.4491748540586944
1.8333320928733559,1.6242745427649001,2.4001417415198123,1.9415737974548317,2.020289068033998,2.019140529190949,1.640328810687143,1.6217105591384149,2.5326203952727018,1.6618075289771768,1.5953453218647986
2.199998511448027,1.7608112344969604,2.4550223114522303,2.020510053847293,2.1716723190417597,2.1738088568211222,1.7669991451975269,1.758031722132692,2.66498914669903,1.7813333127492315,1.9322991543056722
2.2535565276443275,1.9838204581876595,2.564783451317066,2.1891296288145488,2.4163386906669424,2.4242684245974475,1.9722681762339478,1.9806889166663466,2.8785696957428284,1.9823373487793643,2.0466905400019386
1.3410838478086198,1.4509661883703149,1.4524938108136078,1.482992820058758,1.4263401991737616,1.4590206036994147,1.4783259142398715,1.4757855053094084,1.4664712488259222,1.4836224743931257,1.4270217167853514
1.885775309847439,1.7978917897109559,2.0086140477176575,2.1554887486987266,1.9229409109884203,1.9595178609853316,1.8012648459031062,1.839128918786682,2.2067083358253834,1.8516114332699385,2.0081741202787353
1.758644390082443,1.7121449236639534,2.4610768654475725,1.9947197741065288,2.1178603576305703,2.1512920172904337,1.7219410607242118,1.7514153300463255,2.6178421987991527,1.775711075002651,1.7471000351685795
0.7333328371493424,0.9584781950368877,1.0113778716619373,0.9615750675356054,0.9510909907354907,0.9599508207050654,1.0088155052165029,0.9569651981058181,0.7922494826788601,0.9936343240816735,0.9065775712885731
1.3760290315049457,1.7948902953318764,1.6673815933973422,1.666060514342427,1.724245904168922,1.747103336616221,1.7984932763313957,1.7920569877798571,1.6247807063799924,1.7371372310427196,1.6811466141510887
2.0805229368562803,2.192333576288688,2.0158261063787957,2.1885165844164343,2.1343186068928577,2.1527727469782456,2.1625574281701643,2.188872888304359,2.2585348065408004,2.175583970234265,2.172753305083553
1.3554297945063687,1.5214892950901366,1.9967071102048557,1.766794207781292,1.7716447239250466,1.7704708858820568,1.5444220519693304,1.519087562170132,1.9036325528349756,1.5739458765306393,1.4491748540586944
2.381271797035505,2.3210171641051254,2.5057243963280325,2.4994489341018933,2.5856519691822526,2.6050071666712444,2.279278733055525,2.3173533438279037,2.870016351989684,2.2969772500107775,2.307981098323723
1.6479389598861627,1.8188341762755134,1.9915833797358318,2.1806481060477907,1.9429809552200097,1.9504710128955025,1.8205929154952822,1.8159630723306568,2.2232123885550332,1.8329903750404242,2.004508234801394
1.5396966949316169,1.5978895351567632,1.9276652070673408,1.9225917425801724,1.7302752075597672,1.7591936422252787,1.6157561292034999,1.6345393365447571,2.0483915805708692,1.6763894402977475,1.6022752361871577
1.1535572719203138,1.8009134622697816,1.983351294245969,2.158118702315892,1.9258338924323746,1.9328898002186654,1.8040546815714598,1.7980706469030416,2.2090913347601138,1.8169844801091894,2.0078371035834337
2.607054561927313,1.8041502373124212,2.2190621593495012,1.8714289720140744,2.109768854377241,2.106265212878279,1.8052822562597783,1.8707486475584563,2.106380200853275,1.8859712985753232,1.7841780958136788
3.0037802561336435,1.7740252223432869,2.204338047394775,1.8849180886159036,2.075912249544048,2.0721719079930874,1.7779159697398053,1.8395115976467271,2.084324151352617,1.8586416413779907,1.7844435793063027
1.1559969966505188,1.2709611892144048,1.1909054545298186,1.477019895272705,1.1790673868125379,1.178089046314291,1.3138065556321332,1.1925352996460896,1.2672317901204495,1.1697273516254594,1.2635006624292424
0.9206454788432161,1.2911959543008746,1.25569309900873,1.4443813028405041,1.1725855172580675,1.1773120221131195,1.3293295153832072,1.2323831064083826,1.2467150166525724,1.2295979969872723,1.4216753492829843
1.4149608773284352,1.4076581054594817,1.4113692047737538,1.5481481473572116,1.279149099137298,1.2843366087270802,1.4389098659578283,1.3474544397631112,1.4430313799692103,1.349397035000139,1.4540084126782022
1.5281015505564666,1.4152472974858958,1.1914782904295766,1.183325351567211,1.259395677216921,1.264964491814911,1.4460239021724566,1.3091132993891008,1.3217345785009047,1.2328405241419444,1.2964409954178757
1.9526127202525958,2.0559907949900342,1.9463246897017619,1.6486771249858412,1.9567742768704932,1.973022123752249,2.036764521085203,2.037428876075204,1.9995096906761096,1.9396229640015925,1.8137915932766175
0.9334834730687565,1.179768085903911,1.0638449991707133,1.1287598097882066,1.048689544707906,1.0575694259457518,1.2237173933023815,1.0992823928451219,1.1369360755223954,1.0554906929199401,1.243886768451237
2.493598018609623,2.6106764043056736,2.315014141400235,2.1802247220672695,2.3418095113967476,2.4090592563382045,2.529866353188255,2.598404721710792,1.935302644189426,2.520623822739695,2.38750094689107
1.8261727446686888,2.1919622587939407,1.93038534405455,2.1024163853384863,1.956820241255351,2.013206155446916,2.147553462658112,2.089472387135325,1.7786424160128735,2.0752507055640828,2.102760716147149
2.025089727628205,2.2283556193079455,2.0539925084848782,2.369065162981933,2.2178805139696762,2.195109508305241,2.18645821090446,2.2283042150304286,2.242634394730232,2.2045624694324566,2.070238784656884
2.3377248624576965,2.204407726167668,2.0423387071713996,2.2335998156205963,2.1777036957265397,2.1563839265461535,2.165131736871438,2.187152850783147,2.209307605462842,2.1625375755549805,1.9778960381027593
1.0866015500108597,1.4288761986275487,1.3190098830647032,1.3457757388670564,1.3520643395746097,1.3256075149129511,1.4406872730418534,1.361300948333155,1.3806555533149505,1.3385948167432546,1.3440372605919102
1.0095184446648668,1.352520446520049,1.2668669530821166,1.349117553081985,1.2844789823467144,1.258122817129673,1.3665636422340852,1.2869893509610955,1.3479143754279812,1.2799916357614176,1.370551481338166
1.6716555551379093,1.7134731676740529,1.5600088934699605,1.5983855296549292,1.631917308253227,1.587524935956617,1.7156936641139036,1.6265388165957173,1.5562130546271402,1.6538310483039558,1.6392538437599953
1.627062694697954,1.7318727160445904,1.576171617215634,1.5995517301298177,1.6552277581102923,1.6077212484300154,1.7334098126182373,1.647961587940709,1.5675664154145805,1.6774631183657136,1.626525921463187
1.9583210042629344,1.4760449005601486,1.6423287180232662,1.5960106507907497,1.551698414295609,1.551032580600421,1.5029025701735903,1.582873275527424,1.6439899240315943,1.6214071537361023,1.6239103735619866
2.2565424769933307,1.546284343840455,1.706492682696012,1.581230507723367,1.6230585661648125,1.6244320903772222,1.5683739443120412,1.678787390856733,1.7025187922266243,1.6917985342345228,1.6676311433619955
2.3360682030547695,1.6464069078810568,1.789777629371422,1.9600255713761976,1.7245959117551333,1.729316590104995,1.6612778957374787,1.8219549166655324,1.7892811181269266,1.8091370726434326,1.9155603283109603
2.113008256044256,1.6301047786306788,1.7757880335168492,1.937394023322879,1.7080775764000482,1.6986129329017925,1.6461837396576746,1.7703704715770971,1.7748797280620947,1.7684289091765408,1.9055835750698917
1.9645265948087134,1.4382689117317866,1.6370911905736147,1.4594083957525477,1.5130405702709064,1.5074731056531678,1.467584907513671,1.5620276959473727,1.5955466422359614,1.5201293202537018,1.4201142500251895
2.078743257297592,1.8722659627987361,1.9258141999992926,1.923313148800798,1.9529205285188436,1.944602045510803,1.8691832276334568,2.03336890912134,2.0007195394605564,1.982945134747013,2.110575194391753
1.2449616211287777,1.3794973561565627,1.5463362494848767,1.3823156139815687,1.4534270726342724,1.4431317386824782,1.4124843507003686,1.4981990219118113,1.2822641683971345,1.5674889823405356,1.475961371557634
3.238300470382303,1.866004156952784,1.9274354551130544,1.9442501766054046,1.9466030839521216,1.9649694911934847,1.863448339523266,2.08277361243832,1.9945382267217373,2.01743173218609,2.108644772675494
1.831236877655975,1.8076754035339961,1.6429058998854766,1.6204710804126576,1.7019479204971009,1.7238579308329778,1.8102964866642337,1.746329320822163,1.7879144168215497,1.7409400221612956,1.6780070763562884
1.5673468472514023,1.6673273116306893,1.5276388623669175,1.5701376907240825,1.5729499238935682,1.5932496864992451,1.680357480718652,1.6107441446710515,1.6339121044263236,1.6030428541157384,1.6118736739033748
1.246541420545634,1.3339149541410016,1.1095998750928902,1.0383093872818014,1.1695842730606316,1.1735282866125902,1.3696155375879422,1.2164163857652213,1.2351155930469775,1.1351601880696003,1.1616108108787857
1.517339948173261,1.7883308561399531,1.4734213478514877,1.9424614874349315,1.6596301292831477,1.6128694814562745,1.7849602551553503,1.6597029677212758,1.6476734842586387,1.6911104629113576,1.647656953488913
1.4475474803697208,1.771720012225512,1.4602081780318898,1.8695303686483427,1.6460217398735384,1.5993295754361745,1.7696704112643595,1.6442868791118894,1.6433489597382942,1.6766477303482599,1.5779123789296223
1.6457782668185472,1.7685628645500038,1.6169288827286794,1.6953508290097759,1.7025161679185854,1.7123836916573059,1.7739975354528223,1.7631887105976942,1.7403047946715509,1.7272727759964055,1.6160185552265423
1.5770131700694618,1.7070833383294064,1.5903026129892543,1.6523495518129385,1.6727164904403637,1.6543166104995175,1.7100663817790946,1.7091518376899244,1.6886557590015678,1.7299255487129135,1.6300930372613633
1.4748802276517525,1.2274072066590582,1.2059850110792674,1.2348752907001033,1.1633996156193342,1.1648380340028988,1.2670631888862198,1.1694495038547263,1.113841042417373,1.1535072194486768,1.199139356097449
1.750990161400036,1.8744633629809606,1.6566054926824147,1.656926861133938,1.7668052480492775,1.727799014601218,1.8704664656513539,1.7816453092080768,1.6078259578529468,1.793481588445077,1.7905207142181034
1.3918515314116462,1.7449968927630863,1.2547028169808967,1.4968237358652363,1.4771110897735646,1.4201976327201764,1.746042132273202,1.469878960652379,1.4482444851054448,1.455938619103453,1.6239131536099027
0.9912758385105613,1.4758477405640162,0.8755332002575515,1.242118820740168,1.2346570177446887,1.1861813164000092,1.4826133935770278,1.1537265080950612,1.3348063625539837,1.1697242308366909,1.3690120154117622
1.9976856728943082,2.0555198733039473,1.6643897197373436,1.976196783529064,1.7884638231290024,1.80422903046589,2.0368872837247367,1.842013463408247,1.793290684854104,1.8428350299134637,1.8846600435348138
1.897243376491801,2.0273102026414342,1.6424374917643763,1.9482853758525887,1.7664748842446023,1.7815728020612382,2.0111107900872716,1.8167339252079475,1.777332070973475,1.8167459055976118,1.8263447776210269
1.37972954303359,1.8894876519695079,1.4791029473765196,1.5772331528775976,1.6736430571609502,1.6170654199287113,1.8856727390673842,1.5959512371036517,1.7413922439109903,1.6606887406655235,1.6112007919893339
1.4498232293414377,1.7672107219113615,1.3871328886271466,1.4930483757403215,1.5618352009372,1.5574002684229575,1.771232716302323,1.5470927533382737,1.6154124234048808,1.5570353087012583,1.5929299966017463
1.6965880248796315,1.8805251613100005,1.5683456376540224,1.5574902642291029,1.6580381988857076,1.7057908473191818,1.8774279861054626,1.7487886487205424,1.7171543628095094,1.7359715736641044,1.6965644246690497
1.484355396839727,1.6177324801815014,1.2850333244125167,1.5371276098381086,1.4551464990790006,1.468390570982623,1.6253433233116905,1.387452234205831,1.5377929600195146,1.417018118126491,1.5276037440365966
1.3097561373161486,1.5241987176345788,1.1451628038636614,1.4940273536729187,1.379887781958947,1.4113588435976607,1.5310332828707014,1.2714443748993633,1.445779269906351,1.310057352200437,1.4067785489458373
1.3255017333893466,1.4280229111170903,1.1298420776451255,1.459591988741037,1.2909160546970475,1.2823045999672464,1.4516912501896295,1.2173721604502885,1.3758042927874483,1.2319683874103253,1.2669824622947095
1.3509539158388248,1.5436604193625607,1.0193866203363808,1.3354942221097288,1.3787366746154084,1.3821623902614977,1.5539422556073381,1.274066374948134,1.3759733531675677,1.286500793144657,1.3667278043416564
1.0512306913746459,1.1313160806411904,1.291538522659554,1.192634137024351,1.136307797639141,1.1390661049000874,1.1775403928286998,1.1597354200239918,1.1811991057774751,1.1967748682105783,1.1299310651105703
1.129513827966375,1.2402215845389848,1.3868238971716917,1.403750263511847,1.2420510721410896,1.2439456396973199,1.2811133760071767,1.2713766955853272,1.340277548485475,1.3201222825800834,1.2903995850370407
1.8508370151330202,2.4350530974470135,2.3164015872155215,2.6050990760766464,2.3853863799830792,2.4007020135954416,2.3787343926764373,2.4962230936803094,2.402292500684928,2.428792384209683,2.6355275095602186
2.0745031196808172,2.4472897506586615,2.331110034909879,2.6227867716398783,2.3969789071948817,2.412481416598379,2.389696419252242,2.508767138969629,2.4154063319995416,2.4414052024794564,2.6430318870035725
2.2646193085464446,2.5327467557124885,2.41244393184512,2.686618732703113,2.574016411540292,2.5878397618748683,2.4661267271696694,2.5963708753135175,2.4665812626613084,2.5683596485932187,2.7403250147536955
2.7343181280968185,2.689564604218225,2.5742368564830493,2.7871513227321394,2.7280031897593155,2.7441860193350123,2.6058310745112836,2.7571280823541735,2.614210132386565,2.733715445828957,2.763767164290087
1.5227609482713456,1.6050212837808768,1.2263716184935842,1.4311408364081315,1.4025268539348177,1.400401601316413,1.6213068680669134,1.4312776596681989,1.5334677921178246,1.420996212464351,1.5032112316975577
0.6549509454930519,1.0454569215694098,1.0035450006149962,1.0655108731500145,0.9261393266405267,0.9283099060515454,1.09420633841619,0.9322861641204692,0.8083946049456749,0.7801198390038588,1.0925043989937548
0.6952023922591567,0.8768699739198743,0.22627664937334524,0.9654117353593629,0.7980848701445239,0.802880825569242,0.9179867604955829,0.6969462153251039,0.763224284183619,0.5611078294336782,0.8488844144262574
0.6073181494571936,0.9475820178941714,0.8814648847518314,0.9861169541010999,0.8421484690672782,0.8433510096299851,0.9998688922899677,0.8450062230454506,0.7049072872409299,0.7305158039141,0.8357784141746671
0.8186886818663149,0.9961609965875088,0.8652145843988865,0.9771259146960273,0.8839247376179964,0.8845228795998167,1.0467880027382501,0.8883265251722128,0.8023541992593234,0.7909818601299057,1.0275705927589251
1.6514646680836056,1.8009329509113687,1.6970479333643314,1.754729125785958,1.7955058245551043,1.7860820215078372,1.803757355159451,1.8070988344510612,1.8302196708474106,1.8093071126319524,1.8953045678711298
1.5599697091537719,1.42940143040045,1.4426008488399438,1.3697515065470534,1.424734282035706,1.4179475517715716,1.4592834317147592,1.424930321244065,1.4691877472341046,1.392776557961666,1.2578879890679084
0.6913994497540412,1.0292474547175454,1.258118339088517,1.2433039725442905,1.0065884919082828,1.0015201885528238,1.0797179231339664,1.0005006863330956,0.9261271421347479,0.9508076168474484,1.0701420955555716
0.5679352622979624,0.949747191933621,1.2383151906179988,1.2433039725442905,0.9312433383439771,0.9268400268619109,1.002970095760408,0.923220857158482,0.805546113726304,0.8794804358248981,0.8464655305686362
0.8038034331051092,0.983530017857435,0.8534478262434008,0.9771259146960273,0.8730826105899505,0.8735697540352784,1.0346071997791184,0.8770628504416744,0.7903146882162928,0.7846476842165311,1.0245298014426962
1.6596778167826185,1.7854090979709214,1.6918013903182976,1.9055831861515506,1.640309083276933,1.8022702826632413,1.7822716608162938,1.8625180226128213,1.6446837446205274,1.842904708131024,1.8176283730394178
1.6473473723785872,1.6954090733685845,1.5962330155094113,1.7151227116086876,1.567135335743319,1.6719478848638831,1.6992824612744086,1.7145779665922918,1.620706678674255,1.6975665949664025,1.521687662932857
1.2782139886746808,1.5186864816887902,1.4492724709445584,1.563526362539698,1.4180907269174445,1.55949952119424,1.529267645430767,1.5276389360287417,1.5760761365431184,1.5355355242971362,1.4981253995013837
1.873152421297319,1.9781840019007193,1.8157498602379754,1.8471419718748936,1.9282231154750782,1.9004393331578007,1.9625716910068023,1.9056269351413486,1.9741668312299452,1.8893373851580089,1.7241692364673489
1.7230813632400614,1.95233131705872,1.7920579656304536,1.845136903947036,1.904006192112361,1.8902453754646251,1.9392904158063258,1.9145134115980706,1.948008049053608,1.875958329993368,1.759626864677054
1.6945473262834545,1.8573707302085898,1.7270046134335364,1.7613437517066017,1.8197216508994036,1.8143923637136754,1.853525888701472,1.8436825208784882,1.8688814717269522,1.791574196826509,1.6918752572275082
1.7063794896846922,1.93844513358427,1.7859016898886435,1.8094226272734333,1.8909934345435317,1.8911017091485187,1.9267736084369564,1.9350495937982017,1.9340938163472963,1.877974360552895,1.8148810755899536
1.6747150877458283,2.0167430595361635,1.8800281750930417,1.8216588353283392,1.9573093513876236,1.9630912408050303,1.9972431730690217,2.0178200868391434,2.007097976688036,1.948773606813159,1.8643604903394448
1.394723371608997,1.5143983699418493,1.4448069339709453,1.4390648274532947,1.4604344018758986,1.465208341705038,1.5401833114635004,1.4908639549636713,1.5002580544510538,1.449383945832175,1.471685269829389
1.8452453625193252,1.6934232848331094,1.8010245347544027,1.5905131661822929,1.6663361012302298,1.9034703135953446,1.6963802012495937,1.9703597787728522,1.577215956619923,1.876849404531434,1.7478461791569706
1.6647078557754067,1.646029717329259,1.6409969838129235,1.5621708694936507,1.4613020676658932,1.6441896787478665,1.6506924447816527,1.6987713542371794,1.4209588519549357,1.5604884072917244,1.443911040825466
1.568840913016442,1.6021980518097951,1.4858279152065685,1.4456483893328382,1.3219079813379222,1.4686109427449385,1.6083936733220778,1.5151078668336708,1.3320814387842455,1.3408552588260232,1.3679660156585103
1.158410551065281,1.4130774145482587,1.2008970654090785,1.3766673435389503,1.1580743582969881,1.2583409000877013,1.4201337306109643,1.1763567884354875,1.2416858902240693,1.084159670094113,1.258122954066546
1.0268931914838686,1.3279816004304745,1.0863752380320317,1.3533188559597196,1.0772991565779355,1.2388563654690774,1.3346129836806915,1.1085810950254706,1.208852556890736,1.0707696432456117,1.2538063884906616
0.8240207541144107,1.269909377640018,0.940829353980896,1.3533188559597196,1.0185456304809994,1.1976211828862535,1.2762507725610361,1.0257025532443658,1.189152556890736,0.9936457379493575,1.2451944675330466
1.4223868534085784,1.5183403861406572,1.4231758790496645,1.5146413826054057,1.4897527247907012,1.4843132239960553,1.543819746439055,1.504472569334885,1.5470119884018696,1.4909208537383338,1.4971158128832234
1.3991452381568044,1.7224689556083939,1.545883086650424,1.6010455155546348,1.6790810865333416,1.6863211772228395,1.73154247081263,1.7155981265162645,1.7178990084732004,1.6767052266505738,1.586069175569496
1.687341267278804,2.048256225344508,1.8385811957681324,1.9309061356560056,1.985337473929901,1.9971124939439864,2.029735346201296,2.0400858496663807,2.0124471127024868,1.977000172163816,1.9222192852825166
2.0592071113071904,2.178811270365202,1.9856656727117044,1.9579380318433888,2.1076017655706205,2.121320429794306,2.1480962199434193,2.1701201181595606,2.1433129424793678,2.1041501069214545,1.9400009639258897
1.2028112990790025,1.05801047274296,1.0850406611087404,1.0357673625756243,0.9675876333755354,0.9688199075676474,1.1124593374996294,0.9632550458077866,0.9405058232392857,0.8853778538559389,1.0238595780584152
1.2327681003712616,1.0502874932320578,1.0740112855398736,0.946780881370333,0.9565379943825727,0.9579145227402922,1.1050904116209412,0.9521423403843491,0.9261072789708072,0.8701172597615239,0.9626890766740879
1.2558167612517424,1.0502874932320578,1.0798058024623756,0.946780881370333,0.9598588807703126,0.9610620952367976,1.1050904116209412,0.9549493714420951,0.9286493178567767,0.8751610726944525,0.9626890766740879
1.365198810538178,1.1993031018595843,1.164040450973553,0.9996537599113966,1.0904913303558328,1.1042479145133566,1.2464311735970133,1.128387488601149,1.1302961405725744,1.0774153126056834,1.0376986809750457
1.3626967378827262,1.1933064861547376,1.1563753965292438,0.9977965188222875,1.0828355315863583,1.0964243551319846,1.240776283994276,1.1198737603602207,1.121012496007951,1.066784586375705,1.0364857241036904
1.5111291083439733,1.187248988501073,1.148625539913606,0.9946749133237824,1.0739444692661035,1.0879555871850386,1.235061302275363,1.1116030968657344,1.1108073313711284,1.0565810387657768,1.0385364708471048
1.0875236612856354,1.0356613330529902,1.0123235659142413,1.0974572910343918,0.9398289152330359,0.9370144340269027,1.0911209506237596,0.9332954247280609,0.9641193809762341,0.884403993708121,1.0402092194093868
1.4653861783688975,1.2627298113308092,1.313143215441527,1.289760254367099,1.135151623878577,1.1608538969150928,1.3060854387173673,1.2210144302240313,1.2633237043800694,1.2412507060914204,1.087286458253981
1.4864074558222973,1.2663479681014407,1.3194075292212055,1.289760254367099,1.1408486357804164,1.1665353588707055,1.3094798807523407,1.2270093755048161,1.2688852902059842,1.248308478852913,1.0925622212323127
1.4332024219804007,1.2627298113308092,1.3159472536186887,1.289760254367099,1.1364713092324794,1.162227318852266,1.3060854387173673,1.2224641011406971,1.2639548916765944,1.2433706057409137,1.087286458253981
1.3167405961493517,1.2808929240410611,1.325527681541312,1.355210278982751,1.2983684125031283,1.2870737080141341,1.3178630097263213,1.2782355249699502,1.2696637046483232,1.2957567201770837,1.3551012399535596
1.3357161891065132,1.2746007169758733,1.3368864138148,1.400488792914705,1.3026560506435267,1.3035080316648138,1.3118955430680703,1.2991929307249546,1.2879291689270125,1.3199333379336764,1.36295323498159
1.196857552080047,1.3923277316536944,1.4177149451129325,1.2552093617756985,1.3798717492860328,1.414773706023878,1.4231767647971603,1.4460766337059638,1.3034174969921941,1.4277311874995307,1.2756552759483737
1.3818601890061246,1.208009255306104,1.3068724400102598,1.3559816985765907,1.2473194115095496,1.2454098156529236,1.2485968097669229,1.2338563358714796,1.2555270746610625,1.2739672228145382,1.3459681583811194
1.3739029824505675,1.3332839856571188,1.3759679351058383,1.4298019075393265,1.3661033060684382,1.3639392680420424,1.3674620927139447,1.3604260156152819,1.3439865218086786,1.3736433614302408,1.412233272450884
1.3896273223962272,1.1900436239183312,1.3057270553265683,1.3130226870649275,1.2405158144788166,1.2307005151407817,1.2314732249362665,1.2113401960893888,1.266090289903343,1.264167501360895,1.2822156931248745
1.1189630121654284,1.24041956024038,1.3211319955785106,1.395319774565268,1.2806029150020974,1.2678608651090892,1.2794377963480266,1.2515749034124113,1.2838860214223922,1.2892359049120719,1.3222174615670053
1.2662533193550958,1.353771734119899,1.3680431081056945,1.3483040042089507,1.3608431788329838,1.3516399604761649,1.386816168381991,1.3501833268547578,1.307950128378199,1.350674327427491,1.3397424914552412
1.6030194805933984,1.4444541880029877,1.508108552345995,1.5015884816237464,1.4808822654544562,1.4621553833846728,1.4722101656865232,1.439033669277822,1.593709287050196,1.481424331749825,1.4117328785430305
1.6567753815393516,1.614875113415607,1.623305494690715,1.7258602393663383,1.63636843454038,1.6705327597810145,1.6315786212150738,1.690969689560546,1.7109118181691558,1.6907162265814555,1.6204393796499017
1.6385645953955084,1.4065157450792414,1.5613391565332906,1.500118203242063,1.480144897867249,1.4683290159025861,1.436536931783095,1.437750915318706,1.6468101572288902,1.5018880684194496,1.2901339593157433
1.4058542146005808,1.3730868695205045,1.4625706483251568,1.3859956129986926,1.4405276006531118,1.4242427890520897,1.4050414939990656,1.3925762664947454,1.4698130472824544,1.4576043488850023,1.2698696663830866
1.3419517503005542,1.3730868695205045,1.4414789230055447,1.2882879241682463,1.4405276006531118,1.4191605946990444,1.4050414939990656,1.3846638359903303,1.4190475214292668,1.452235150094504,1.2665363106488399
2.8645849019549523,2.4204230780316522,2.2959570842546886,2.3823913133690744,2.41933075454645,2.3451454670252874,2.359408316200087,2.4748336439341183,1.8335727240305808,2.364500822757239,2.4149472578421567
2.964512282255707,2.5564986650667882,2.3432240615296935,2.327786554333979,2.5568873725701113,2.4711380155350833,2.4814276424817403,2.613968179532128,1.9333537732138557,2.50377629645131,2.483180601295509
1.403241365221746,1.5587771578922736,1.9988999691590972,1.6801745327467374,2.0612740275439765,2.355510310227592,1.566447708035824,2.301495414844691,1.7738637864604179,2.3142253888224644,1.8785713229168068
1.186337727221154,1.5587771578922736,1.9950973741921263,1.6801745327467374,2.0612740275439765,2.245275978384568,1.566447708035824,2.129999591286158,1.7738637864604179,2.070471990454152,1.8508945533171695
1.6608728181096155,1.5587771578922736,2.005849985355441,1.6801745327467374,2.0612740275439765,2.327347342887863,1.566447708035824,2.2125522115071328,1.7738637864604179,2.1236932564734343,1.8779070186357978
1.2515395960085842,1.5587771578922736,1.9769646423859355,1.681611442375963,2.0612740275439765,2.225797814780063,1.566447708035824,2.167480991322995,1.7738637864604179,2.1837117582000607,1.8785713229168068
1.5526975490353707,1.5587771578922736,1.9831536666177094,1.6845830036305256,2.0612740275439765,2.288047047321798,1.566447708035824,2.2662602285131963,1.7738637864604179,2.358708408256051,1.8785713229168068
1.2894650383118746,1.5587771578922736,1.9113737142897167,1.6898313539099912,2.0612740275439765,2.000128774926066,1.566447708035824,1.9354433063909233,1.7738637864604179,2.0249903067935926,1.715248426136524
1.5303756681152885,1.6902622598915378,1.9076596888878865,1.797180929227465,1.8634443419674456,1.7782717286618261,1.693334484409052,1.7242741834058677,1.7295496684767855,1.79260947297584,2.0984240231681714
1.6134193090207694,1.63704977502974,1.9806634766441986,1.8531759603271594,1.811466991013284,1.8868423921937973,1.6420300931520593,1.8346596024339197,1.7111286158452066,1.825434218138923,1.877621009606621
1.5303756681152885,1.708477695509574,2.073259881968974,1.932944188773399,1.8811932452761144,2.1841497739735902,1.7108824838569563,2.1442616102173195,1.7361286158452065,2.0431707611643053,2.334001379469729
1.6679882024502246,1.63704977502974,1.9670495147461895,1.8122785739956984,1.6640924329775022,1.8525953253482785,1.6420300931520593,1.8090192241220608,1.6321432695192506,1.7727132931410465,1.6100300430636563
1.7656167502905527,1.715656257533007,2.005720688254126,1.958358944192186,1.7345661149284075,1.9736439193229323,1.7177960475865353,1.9581649320556849,1.6507273403157106,1.9368972440920382,1.8061240662330196
1.1767369223645745,1.1855910856770142,1.4327048183081563,1.2748330224172275,1.1336415376137832,1.3198125962545377,1.2039428266974304,1.3379311255283912,1.2685946852036716,1.3560885889996523,1.1138030121976081
2.2813583413703125,1.7227752447108826,3.176646189175605,2.026167393077647,2.6061262640083065,2.8818402441783455,1.7246511446848143,2.1318879497604497,2.110674732981161,2.093710458485005,2.380715134853619
1.5190636751171667,1.5547398692064722,1.8257422069987839,1.9016521658999341,1.6627261075838624,1.8876386170541695,1.5625453095402322,1.8945973886699758,1.6082091383909545,1.8711402741131777,1.759040896052608
0.9182302957360146,1.0098118385309112,1.4084135530643147,1.1320040312346513,1.0534697931003736,1.22004886252528,1.0317468654381883,1.2197026223784155,1.235631653402041,1.32758563694114,0.9315446090946896
1.2836266348598642,1.570573339902915,1.8266598873008406,1.8785758166119502,1.677692719862447,1.8535367713076436,1.5778475590742227,1.8304713680175946,1.6143819778971273,1.758446539832646,1.8284339320022287
1.1604524305922486,0.9979631487059403,1.3224132927346581,1.0862492952850207,0.9549557039516706,1.1150622994737382,1.0201005333215087,1.1248360316981494,1.158633917049217,1.208315506747121,0.8809227842461985
1.3749060408425031,1.5587771578922736,1.8721146430181101,1.6619944349592068,1.5935281033348208,1.8064662608895397,1.566447708035824,1.779110911100066,1.5675414996077461,1.8094348373605007,1.4915326356489391
0.9987066130769452,1.077180988230958,1.3133121821398017,1.1112733733376627,1.041464856108885,1.2080177698157224,1.0978680991471759,1.215591099994361,1.199742226187278,1.2984632758351835,1.0281920632634494
1.0253679807040876,1.4067377633988365,1.6807654345086391,1.5387472340905273,1.5219457227843427,1.7211553022398922,1.4192119527330491,1.7142428427201635,1.4822832124650285,1.7607251436223461,1.482046234472155
0.5921298168764954,0.9480797540386621,1.2833355532688955,1.1186698412808853,0.9963087933873778,1.1510427487122228,0.9710103551009585,1.14513943895444,1.133306072006692,1.303484887486725,0.8998429388705419
1.333056218324444,1.6419423617262903,1.8093601586011796,1.591436993813534,1.511985027753448,1.782558753867549,1.6467498697281893,1.8529203016255367,1.48580779995777,1.6788726736501138,1.4323581706206854
3.272068831409133,2.3760373381987963,3.5263788719612013,2.657299622725524,3.4631936195349184,3.7783921288299456,2.3495969699345545,2.892842517153565,2.4709487055839006,2.718794107504904,2.618460473774258
2.3070779565841972,2.1442843410725003,2.199554865478275,2.379777689544377,2.2095408523921805,2.5397477813933858,2.1287503481477303,2.6130130149909756,1.932900496415646,2.390093998509252,2.3924543067629305
1.270075549242338,1.4451539039949628,1.80638900695883,1.23900279177615,1.4464280477490485,1.6984860480204118,1.4564692944528927,1.7455311367783144,1.5612130487508782,1.5863664066668939,1.4776217746246023
2.008018629669428,2.3760373381987963,2.51929415749379,2.633168725496974,2.9925306163357455,3.444482268225565,2.3495969699345545,3.567933060240689,2.7501795759341023,3.281430065093933,2.5971344093216824
2.2181393557648152,2.3760373381987963,2.5104711430279423,2.6037324411027782,2.9925306163357455,3.3762568692068475,2.3495969699345545,3.4544507492676684,2.7501795759341023,3.102933482036823,2.5971344093216824
1.7162317869978692,1.442696645180977,1.604400663023495,1.567666006086478,1.6154688158000148,1.6040444680072903,1.4643420439946442,1.6138409643168825,1.4247201467308366,1.5696663175698384,1.5348573369051153
1.7468787831942598,1.477059403348335,1.62315517250748,1.728276115803288,1.6523617002725979,1.6397511995874081,1.4964658721358162,1.6522801101779587,1.4556599590901642,1.6065674873518072,1.5329579015079222
2.0227017489617745,1.556620740333921,1.670041446217442,1.747934880048134,1.7376483904474491,1.7222203335723014,1.5706218269261594,1.7412796550455851,1.5249043699293614,1.6911247499431614,1.638524561828382
2.175936729943727,1.509608569485984,1.6372697177683089,1.6599197381788773,1.696428607966941,1.6772815425319767,1.5268404504231237,1.6886905210864172,1.5445809451080663,1.6600562728956372,1.5884492123354088
2.175936729943727,1.564017444971182,1.6779044883169427,1.9005869346706787,1.7550378415100896,1.7337575191166978,1.5775007303596922,1.7495538164810038,1.5937616258890879,1.717678013027837,1.6507250924554269
2.4211126995148513,1.6261765352350057,1.727916513607569,1.9247087212975262,1.8218941928818537,1.798123011342526,1.6352092500788618,1.8190867196782978,1.6484953569627667,1.7828685060722287,1.880176948862197
1.6855847908014787,1.3379132986323543,1.5276789208243104,1.476101343558338,1.5105353487799413,1.4980242839703914,1.36600976793286,1.4966273715610983,1.376558801989595,1.4734947799095233,1.3800609809869728
2.053348745158165,1.4922409985626075,1.6245772198248989,1.6573535519477647,1.6773000268322378,1.6590616882214624,1.510639633140276,1.669262668737521,1.5257845880337502,1.640715583376671,1.5136790313449326
2.6049946766931944,1.9213928437949765,1.9598366881015126,1.9670673076944172,2.127999958198005,2.0976415870642113,1.907049048655361,2.1493239692622033,1.8233648337128763,2.0682198689792552,2.3068611609921783
1.6301857062881215,1.2514444434374632,1.4700382035297166,1.405692690027142,1.3940772409593327,1.3940978527496946,1.2844117795040633,1.3855745079201929,1.2989171346090294,1.3664964892213645,1.3166201123927712
2.2229805085747114,1.54167127607684,1.6575832983695653,1.913100783814538,1.7028545222228306,1.6943895335424553,1.5567110783046405,1.7069079102364548,1.5874031940373228,1.6823842275144296,1.7344343794251889
2.3958789925749664,1.840476824416954,1.9072166385951175,1.9832338851768383,2.013216416860492,1.9976600196160237,1.832887689772542,2.037739496709407,1.8076100691672121,1.9826386225025867,2.340168664389882
1.4867078788492107,1.4103572509036948,1.6134496820213455,1.5432947622960749,1.6087433699812985,1.5868634969212776,1.4340551181054813,1.5965788649732293,1.3699731619853885,1.5434069906556753,1.479769243843835
2.230061818273816,1.737438105324551,1.800994776861194,1.933149650614932,1.965067531540431,1.9286773127443813,1.7380792708988155,1.9668470214783385,1.6411208608949135,1.8879485091094588,2.061302641246202
2.856044083052431,1.840476824416954,1.9214326788506761,1.9635346807576024,2.0906620365629833,2.0411075277366013,1.832887689772542,2.0834908300392074,1.8076100691672121,2.016166198625885,2.3339595045766095
1.7375318484062485,1.3211088415200989,1.514598192659033,1.4390808085183802,1.4365611044349118,1.4492613403525436,1.3501850159157636,1.4474899320204315,1.3309592837759026,1.4138560714710469,1.3920974230241314
2.448340331845168,1.627491786969179,1.7021432874988818,1.9448960158316617,1.754748231491841,1.7614353552138762,1.636428445750133,1.7831823556439257,1.6115113855368934,1.7423050902519215,1.966787172939411
2.4878296920362195,1.7547464973678655,1.8548800490473814,1.9714544408632488,1.896236024870804,1.8941142826831723,1.7540351645235757,1.9226106194744286,1.7904787567005844,1.892281759198302,2.3583456034837895
0.8561097677422416,1.2819587207695609,1.2810187720810542,1.3508335947406245,1.2103334478365213,1.2209494981499618,1.2979225592749668,1.2808785832625562,1.3098315259995341,1.3585659402339454,1.4017575394915507
0.8524478677749194,1.412667181270486,1.3697040000055454,1.3331317627044854,1.3285594824985674,1.3411321117541963,1.4249650234060816,1.4164740040897856,1.3656000506377888,1.46011303631182,1.3798743751381755
1.478518216637243,1.8288364768027991,1.6846809734301316,1.6953288144890333,1.7240947126329897,1.7285697307648795,1.8266552011778348,1.8315885949355264,1.588439160815927,1.8943422466766038,1.702491480175383
1.4836253607361627,1.9176849442869646,1.7401132687940104,1.7898894139370554,1.7979659709295774,1.8059371716184427,1.9119305716054653,1.9205707657231472,1.6196391608159268,1.9735937535948445,1.8070964519227122
1.7450056266102842,1.7381636274961658,2.0590908251454003,2.1164745626092576,2.377559144755254,2.4154408898396893,1.7394654130096174,2.3703585465785815,2.2650070453445674,2.2942708970647274,2.324997363457385
1.3618168493726164,1.24626049453325,1.4170734588828273,1.3314816471142612,1.2574362421026313,1.2473065392175307,1.286833959298693,1.272988466745289,1.3070058894859897,1.290426907062469,1.250418458296486
1.2449955868801423,1.0888318538457857,1.3211543099375085,1.0686079928475867,1.0928844506253588,1.0840761730123485,1.1369162593836757,1.1031588636943988,1.092389885899903,1.123395953949254,1.1029163161999365
1.1303850821760966,1.183197227632716,1.1239731659058263,1.1026131412593676,1.041791645960753,1.0384558142499738,1.226852966919457,1.081541551803335,1.1171261574324831,1.0289996486433761,1.0951491677119838
0.9541985184418593,1.0469105402393937,1.0469490872056189,0.957681884000409,0.9254326431521498,0.9228217895906383,1.0965884821931782,0.9569640832874393,0.9378873808515851,0.9016600464867348,1.0511120893021009
1.6479843583128033,1.6043203193532576,1.7453655331179094,1.974924224457811,1.8650319670701676,1.8534122265154287,1.6217481094235522,1.858560525548795,1.9399113105220596,1.8430219626801405,1.9879706842134852
1.597277147287794,1.468596281035231,1.6657887067159034,1.811015648313975,1.7231363497224603,1.7094926142239268,1.4948724581313857,1.7013279972668836,1.8322178030893232,1.7279559036161671,1.8049689115394039
1.5465699362627847,1.468596281035231,1.6657887067159034,1.811015648313975,1.7231363497224603,1.7094926142239268,1.4948724581313857,1.7013279972668836,1.8322178030893232,1.7279559036161671,1.8049689115394039
1.6226307528002986,1.4711548163140462,1.6671607209642139,1.8391373684129568,1.7258235688968318,1.7122158632645703,1.497272447281395,1.7042919893170165,1.8342630944490843,1.7300908641522355,1.8055749526593237
2.2311172851004106,1.845070974499607,2.254507703864455,2.5321705632319524,2.358202245998886,2.330795622607996,1.844782700526468,2.137463472022348,2.8092478177185747,2.115395863119434,2.3540959004856274
2.205763679587906,1.7948599259654308,2.2311834616431776,2.4977701198544953,2.300668015333032,2.272723975222708,1.798465231507298,2.079295367045872,2.7597578988413054,2.070479877295296,2.3229295790191027
1.6986915693378126,1.5011866404296266,1.6836248919439392,1.8837928044442083,1.7573295190901834,1.744150998002923,1.5254189761860621,1.739083023338167,1.8582364277782624,1.7552534007446918,1.8410882404443396
2.053642046512878,1.7795446749378196,2.2243233904016253,2.4444311063784765,2.283085691160035,2.2549836040665947,1.7843174914391517,2.0615530741537245,2.7446228011282474,2.0568503533885805,2.3027876734961055
2.220804662468005,1.5587771578922736,1.9304419916377675,1.6709789721239936,1.9648968109500493,1.9352470615240043,1.566447708035824,1.8638014379479872,1.7306684096916363,1.9696338942562086,1.8794969198992912
1.1780890480701713,1.5835528602608715,1.3894440933436216,1.4840414468073966,1.557469111968284,1.5458246675014167,1.6038516520231223,1.562291545520746,1.6053875778049744,1.5408396792215373,1.5295970745953094
1.0287620128516244,1.492860481304801,1.3692520269465587,1.4357308872384669,1.4716732551181202,1.4783121890572344,1.5202994309496543,1.517976463001872,1.5278727732763888,1.4905523255369693,1.5080904688193504
1.0780920190640229,1.077463537866247,1.0759043501359455,1.064462305498579,1.0833497805300742,1.0557803353119433,1.1309985541559306,1.0141106016297727,1.055035885214897,1.01330749495932,1.0482458967592416
1.2653450392743921,1.2696702194589709,1.4336443248305988,1.6104366365294935,1.3695201919098967,1.3256396076558699,1.3016465491712363,1.284607465719872,1.4098379012455426,1.301004979473402,1.4033624272028664
1.4754429190296872,1.2348670684286378,1.4172399008130512,1.5930562876429126,1.336344744038642,1.308778497785958,1.2687187494244987,1.2799249474193657,1.396667192429329,1.2925940810707532,1.3976484120225234
1.274749768857574,1.1979831102657519,1.4013906535618041,1.5354097280357022,1.3010653903025078,1.2850252286527808,1.233742986325634,1.2640047451410086,1.3825594872731024,1.2830760439512348,1.4193199462767734
1.3282314949684522,1.1786574226022892,1.388896818997675,1.5163432251261943,1.2825295862102915,1.2748771247778508,1.2153836601232948,1.2602229249897985,1.369993942948023,1.2886113711103797,1.3776940907138293
1.234180608796092,1.1786574226022892,1.3431136073913905,1.4543602333059067,1.2825295862102915,1.2819650672287373,1.2153836601232948,1.2740028258320832,1.3220124471879267,1.3118699545540882,1.3398005177975707
1.3900973670901773,1.4972887076310295,1.7003284702768906,1.7713914613392432,1.6124172136659665,1.5499711532002802,1.5153497480788412,1.514903809416343,1.7305160216861049,1.5669688365343661,1.7045319303726063
1.7046072490537327,1.489128934148198,1.7003736585671136,1.7823016158599392,1.6046618359576637,1.5756788186897897,1.5077350855975045,1.5711958063186269,1.7287600809389299,1.607165744042353,1.7191827081672935
1.908526714633132,1.4850152973514614,1.6920130317151814,1.8694193844223488,1.6007501744969985,1.5912106618764958,1.5038950239964675,1.6051429778913935,1.7205954482645134,1.6500257350816616,1.7900587330013915
1.5085656377312393,1.3082191528120444,1.4006466153694594,1.3825806258601283,1.377548036149617,1.386744214307902,1.338036148764769,1.3971307470636851,1.4585912597531743,1.4540662983411035,1.2626220504540286
1.2668617510229192,1.3016779477530644,1.3243674254273592,1.2761264279096467,1.3709400617629874,1.3365128116836644,1.3318673205539406,1.341949389866751,1.433389385435806,1.3924347014461331,1.3569764454117663
1.5132816560478768,1.3016779477530644,1.3684516088006946,1.370694764553001,1.3709400617629874,1.354702867794522,1.3318673205539406,1.378008632986462,1.4583807974917933,1.452229149095261,1.2590395006381507
2.0419811118461526,1.2836237567299615,1.4217193866414866,1.498134809979743,1.3438408538381899,1.3586406891223974,1.3148283064862882,1.370863753472723,1.4150756072188655,1.4039724488413483,1.2849733929562241
1.2258731056437482,1.0722389580139025,1.1408978186637222,1.1213833225269525,1.0938302034234144,1.0819743788517815,1.118671631416245,1.0707124492570894,0.9069542007053957,1.120407173419733,1.095578377040468
0.9995060059963994,1.0406840390920866,1.098341438369087,1.1057633687795825,1.0414641696105051,1.0311038528771694,1.088295675512681,1.0230657985256957,0.849829463173944,1.061211769804006,1.0678313273606912
1.0531529420439214,1.0566970705346506,1.1196196285164046,1.1142917877569267,1.067471951740184,1.056376409541389,1.1037193121778388,1.0467748898961933,0.8781131387383747,1.0907110311053632,1.0997609377747524
1.015548234055025,1.0406840390920866,1.100209236386676,1.1049142809550823,1.0432573727860037,1.0328392735940286,1.088295675512681,1.0246016906964848,0.851465639960826,1.0638222686920558,1.0678313273606912
1.118091464334955,1.0406840390920866,1.098341438369087,1.1057633687795825,1.0414641696105051,1.0311038528771694,1.088295675512681,1.0230657985256957,0.849829463173944,1.061211769804006,1.0678313273606912
1.108239632692018,1.0514134969004223,1.1137720971456915,1.1092590077007176,1.0600196804346678,1.0491311680395232,1.09863225107336,1.0399210486626709,0.8697841268567064,1.0826522870755877,1.0728511531991707
1.1449976753617053,1.0566970705346506,1.1196196285164046,1.1142917877569267,1.067471951740184,1.056376409541389,1.1037193121778388,1.0467748898961933,0.8781131387383747,1.0907110311053632,1.0997609377747524
1.0669930761896071,1.1390067666631958,0.9259486797754668,1.1574152835512967,1.0093930109185727,1.0214876610287427,1.181406233224658,0.9802414682281061,1.038695917398266,1.0085030617397468,1.0465025654638138
0.5608657855183237,0.8363656777465563,0.41124114549096924,0.9857042792497093,0.7555389575041809,0.7677349979172426,0.8829149158033316,0.6489288886289084,0.7856211956317893,0.6564784706431381,0.9555127658640384
1.1357444804799968,1.3533435608580975,1.0361952086200996,0.9955411600127657,1.1890595479510266,1.1889785617465978,1.386510243448458,1.2068440612507492,1.2445295849069742,1.1278757914312516,1.0617153998885502
