y_true,"EC2 (refit C_Rd,c)",OLS,NLR (d x fcm),Lasso,Ridge,ElasticNet,SVR (linear),SVR (poly-3),SVR (RBF),Decision Tree,Random Forest
1.6821161723450557,2.1289665321826354,1.9795064336618022,1.8918956933553241,1.9773317874124676,1.9705443920620522,1.9699791646108296,1.9560443651178723,1.6136807771646127,1.6357321243595908,1.750798376665072,1.7132666246969943
1.7797312041080848,2.150535302590931,2.0655561835461893,1.9170469225975977,2.0654329256437785,2.0614639195459956,2.062951777216726,2.0786024785068205,1.59855721066555,1.6607423624955446,1.7256466429323227,1.6774575847840891
1.6349355526416187,2.118588141909308,1.995978645116671,1.8786327068139594,1.9958888642387154,1.9924812993046315,1.9938156457604164,2.009798789162104,1.6275669894634963,1.6265061160313328,1.7256466429323227,1.6825933886916296
1.8145937154520237,2.4549894689883773,2.1507532499498563,2.0627358034395913,2.1476438004739644,2.1392978278730226,2.1382724761310237,2.125869554746555,1.858803098593174,2.0724190679822865,1.750798376665072,1.954190217444899
1.658756097816916,1.9881442813351018,2.1963454792450197,2.0517648294458155,2.1960925227245793,2.1908261840178858,2.1954640535964334,2.1486660774216206,1.7999229591935628,1.5751423042237378,1.268113938831389,1.4584702037542243
1.6748929430636652,2.1632528036385823,2.05636488940654,1.9576234950600173,2.056204449521877,2.056362944568071,2.0562960773626346,2.0663715766391,1.6867566334428667,1.65129387513984,1.687176684239547,1.7187414281434295
0.9677415287012577,1.5494900052405052,1.7948448764848757,1.6569122536848924,1.7948103386536998,1.7923917348493403,1.7934367742322808,1.8094254885884138,1.252311470822972,1.0774945437564947,0.6433612398522811,1.3876873468403343
2.0143860441105903,2.182841424379618,1.7472809853810887,1.6167101402207131,1.7474811894842914,1.7464338517185778,1.7478280558032435,1.762735800723597,1.6056551491054964,1.9423708547823668,1.9171709598275088,2.128376849738132
2.2163162406126657,2.5545798313265764,2.067630151683751,2.0171334822574867,2.0679518207069187,2.0606357885343525,2.061772466982106,2.0602286698205172,1.6764918623804426,2.219066251352084,2.4627710715941196,2.201375309942349
2.210911511828697,2.4054872189579335,2.057347995063762,1.8067272001921642,2.057384158833413,2.0541997845826843,2.0570121954258025,2.055702748789091,1.6590865480921713,2.1998992492312572,2.2640964253462004,2.1462211813512173
2.358305612617277,2.7370456706452218,2.5361886253943444,2.175744690538361,2.5361003213925235,2.5301549800528953,2.5327344773373897,2.5532535926590905,1.6806124890906506,2.369197890453964,2.557681287301341,2.408972071431875
2.0316232205616105,2.762442977726232,2.331477210950318,2.251360508806541,2.3313306290528013,2.3233017176228747,2.3282818941771244,2.322705066975212,1.900780569494669,2.471615777336766,2.424156450150197,2.43944539672189
2.4010092606637214,2.761576340780304,2.317480139288186,2.2304651719609616,2.313395753204367,2.3049816766019644,2.304468554919722,2.3024960758734103,1.9210402587799777,2.4025059243672295,2.4627710715941196,2.1914339944345356
2.6780487907403048,2.9184896259420308,2.6806149323293607,2.594254599357612,2.6803935131185264,2.663151964757029,2.6715296474590113,2.649106424770845,2.5863855317720366,2.6050278543112486,2.5784470948821046,2.4498613150211774
2.308662750638194,2.831283763562725,2.5468139569033967,2.4916648195991993,2.5439131315003483,2.5320243504305466,2.531575618812416,2.5262470965985595,2.1865781979344643,2.523999612523881,2.5916833603849505,2.539853824143634
2.6780487907403048,2.994969576571458,2.859373264432911,2.6993007835970757,2.859085715931336,2.851199595143201,2.854023014675473,2.863444791893791,3.2101602382625147,2.728623614843994,2.557681287301341,2.6344666087663273
2.8638489091899593,2.7788920749216572,2.658923416118287,2.826659935852352,2.6584326545754666,2.6464906665531016,2.6529689148999074,2.6121947158513974,2.453350832629431,2.6115525229504817,2.707329179800452,2.352473430233555
2.4074369795468034,2.5208406159685746,2.5604873623146602,2.036181565577621,2.5602767863017704,2.5531459054558843,2.555860787070013,2.573895369878845,1.2896046124797018,2.3330048683558777,1.990606097827806,2.233720639709352
2.5857022807147767,2.8138514378187023,2.8047154633762785,2.6534338739306618,2.8042809130749986,2.804711167421775,2.8045551249255114,2.8080238055898668,3.4976230516879783,2.4656217595592915,2.322232090087078,2.3849567085327807
2.86274181079136,2.966437051917198,2.954805266359628,2.8379222015096204,2.947143164429178,2.9456143809094444,2.9480734669842397,2.9490521270270205,4.070547692983555,2.6719156155038215,2.614952545884093,2.6277731144360468
1.543727439584014,1.8071001523098686,2.0456844956121616,2.178402461772767,2.0454069198925775,2.034789937660929,2.038787691160866,2.0057999224997136,1.7212241966774284,1.5415735180629864,1.514853541295872,1.6481823569956795
1.4610277553205846,1.520066812211001,1.6285885951003667,1.678297151352277,1.628536892006938,1.6267282022999934,1.627360804318171,1.6134810541159461,1.5381951745281135,1.4154071722926878,1.514853541295872,1.5809928007709726
1.1646872200432963,1.101757480616928,1.2511390762039403,1.228873107281383,1.2548159402023025,1.2539070416157303,1.2543246778208648,1.2584497030082398,1.4839950992942854,1.224201136852242,1.364783708783062,1.218665071819768
1.6057522027815858,1.5641010336912011,1.6685535380947678,1.7171131213656938,1.6664756064175446,1.666572522197483,1.6657357778650144,1.6583802645107297,1.5760400498057057,1.4525764807290267,1.5560785207694148,1.530163084317013
1.6057522027815858,1.9257307301332716,2.279459291865761,2.414102881823028,2.2790907645962033,2.2738230240854707,2.2750747272061105,2.259156749607117,2.080417953527006,1.6254874030874127,1.5368357992287283,1.6540434268689648
2.1984332733361627,2.042910906444242,1.9172235293706432,1.9735809959402526,1.9171017257859002,1.915089118644578,1.9168608107592786,1.902590838913617,1.570515488844945,2.132155014483312,2.3447427827747203,2.292376164675177
2.046817185519876,1.7925433847769845,1.700285304083868,1.7216388885858107,1.7002850501365567,1.6997468558005726,1.7001136897632678,1.6924893661250335,1.5308695268312722,1.8883221796732108,1.6565718711659496,1.9298277352527262
2.3500493611524496,2.0636560538905715,1.9308240636951963,1.9923347680643841,1.9269721384094742,1.925328489666267,1.9239764492043228,1.9132581349107867,1.591543169042911,2.1547122322874888,2.2014146739009828,2.1754397051000285
2.494773808613451,2.457732695084377,2.408151058714651,2.544249684426652,2.4077533802776134,2.4019258354515545,2.4070538156832284,2.3696202492768945,2.068310146217355,2.403867608880138,2.843307416623322,2.5645740577573775
1.9710091416117321,1.7608489251978086,1.679022006256983,1.6966884962012896,1.6790340591094477,1.6788724868210745,1.679015684109788,1.6759848528201915,1.5325339032668888,1.8489791544137337,2.001777433839389,1.916173425119011
2.7911143438907393,2.3228207910916603,2.2148487443640805,2.322285788804427,2.2145570095766502,2.207270666544324,2.211249750293667,2.191562134082263,1.7246059066832111,2.39307188737467,1.9171709598275088,2.373316444310217
2.2695494884904273,1.7510048275256984,1.7205140650307467,1.7631262425533085,1.7204526791458254,1.7188771824870983,1.7197401889637918,1.709779323731394,1.5538079080086,1.752704343724627,1.669942424403711,1.6562322978278676
1.6239591647849392,1.576096235279161,1.554931404322586,1.5544227070184047,1.5556566698316354,1.5573649994833716,1.556650965898823,1.5452343744063015,1.5269123620348064,1.6769356986885329,1.8935519093705846,1.8197032327231875
1.956737682158902,1.6779738539695126,1.622298185469387,1.6312668639853716,1.6223540252295237,1.6230574477496258,1.622767971505605,1.6127702006160556,1.5429484698680882,1.7582004152753439,1.6450802621015035,1.6807834347183472
1.4599549474361964,1.4897521028859535,1.4833973476151003,1.4820824430024222,1.4834914626373354,1.485325281413859,1.484392727918041,1.4808494543820498,1.5203091548814882,1.5985293120461033,1.358198660869693,1.513523410223997
1.2012100489273843,1.6182151315517033,1.826460591745848,1.9092674594665058,1.8262923455676374,1.8225515164891428,1.824524353025959,1.8117199010996248,1.650856572055316,1.302346821740663,1.1319256275540281,1.3141168473162599
1.68034439428606,1.9809417593633518,2.003969055984509,2.10505349831251,1.9970539188043424,1.9953206645672057,1.9927451883506953,1.9844156695080577,1.6613796993947842,1.8430040307335829,2.218044851405837,1.7747974945179688
2.4024200978547685,2.374200014633308,2.234014871996135,2.332682777925169,2.2337673746146143,2.229711657688117,2.230810858524533,2.2207810615427714,1.861847244154745,2.4579618098449703,2.8919762725474714,2.5031764295386294
3.085611395912624,2.565803247666715,2.455471489509687,2.5494929377280022,2.455156111018093,2.455468892764594,2.455369198682309,2.4553792820270948,2.0533252544837657,2.6492964031152386,2.7886503627984927,2.5295668687270845
2.4024200978547685,2.2530335199675635,2.1637065086473433,2.256451485937693,2.1634145549393446,2.163704422543718,2.163620718041989,2.15762886356631,1.81678172377941,2.398919051917826,2.0681090588717796,1.988552852118573
1.9821649678723159,2.148442070836871,2.028386906359257,2.0907761786447936,2.028205116554063,2.023104553977536,2.025960925504018,2.0072398733605725,1.6010598619789387,2.1368623303353216,1.8992482892016977,1.9125140210578717
2.4686137099877694,2.497335157102029,2.26328999350919,2.3387615917922764,2.2630296977418847,2.2556517251527697,2.259802710755377,2.243290119514115,1.7644019502124735,2.5158533086617956,2.424156450150197,2.3458391398609026
2.93233120247166,2.7770650401811174,2.616915819020222,2.7026217654298366,2.6094921173416266,2.5994403111573336,2.5955529423274237,2.5750365544896723,2.2529044697451206,2.8217207189061613,2.5916833603849505,2.5887538938411505
2.906936981505112,2.392781948622441,2.2417609606981452,2.330304157493341,2.2413901022316,2.2417585580206647,2.241658672984732,2.236654811598101,1.8649412301651143,2.538649370383628,2.6300447937082687,2.3924463987879765
2.8318709244741136,2.3791518713009587,2.2295868264406327,2.3172588338141398,2.2254067865718277,2.215185373917659,2.21952404775309,2.2075684684916914,1.7403807653580623,2.294750286029715,2.5528175409899534,2.501023135806019
2.1594787396447357,1.942162858660684,1.8020694395416972,1.8337639743849246,1.8020368331602024,1.8004584618324424,1.8014259370447427,1.7938715022447687,1.536891828601806,2.011712316474074,1.961367937954415,2.0769771843152753
2.0730525595113347,1.9872383711608541,2.0109161312613852,2.038052824656468,2.010693998429908,2.00846578629642,2.0104239171186746,2.001561869215783,1.659439746926159,2.15372195725982,1.5642772662693458,1.5927362396720406
1.514141330231318,1.9872383711608541,1.9830866051435956,2.0106342659226764,1.9829067806244958,1.9809200686662312,1.982666790081874,1.9770990220627225,1.6134177996650243,2.175683623639271,1.5642772662693458,1.5825192541629771
1.3109008832204028,2.001582629820576,1.9658815676282044,1.9956602288811864,1.9616835138432727,1.9612532513280092,1.9595752800586848,1.9423968343334526,1.5868875527741768,2.1976486863425495,1.8705758457365322,1.7292883445152794
1.4125211067258603,2.001582629820576,1.9099759184774538,1.9394376378584561,1.9083082579812376,1.9067218971119595,1.9062319333106563,1.8916043581468451,1.5605500306106435,2.1800388762274534,1.8705758457365322,1.7632744718335032
1.0511047170197603,1.230786142128161,1.0354504520879406,1.0723203992190022,1.0358790819615813,1.042710816751673,1.0395006160487255,1.0630956133918872,1.2505527004639145,1.1857233998877945,1.111106548355963,1.1860693092285783
1.0551506166915627,1.1949198356797848,1.017666935824252,1.0578175024858292,1.018097850242589,1.0222050258488704,1.018596705677278,1.0345781778691787,1.2807447079415342,1.160293742840108,1.0011565103626756,1.1084956296965638
0.8523884023593081,0.9437250518234762,0.9027246773307108,0.9275145288796592,0.9067846888746129,0.916457369673944,0.9123855989129018,0.9424634885784037,1.1546434236930092,0.8466745565975207,0.9019355576104421,0.9185628060359122
0.7948173854711007,0.9290790754114724,0.87727425390817,0.9120719596939801,0.8872774197682987,0.8828027936660696,0.885886695109485,0.8896652592430266,1.0151510128393983,0.8792211024630057,0.7448371616958481,0.9295773497620051
1.506060490058164,1.3326614315845013,1.4100726353287334,1.4025308045220446,1.4101811274574052,1.4128586450320402,1.4113981155163522,1.4022830871821215,1.502688987162248,1.4315064279153196,1.322301662967785,1.4141121621879653
1.3768187752303012,1.1969892778463904,1.3332363415881738,1.3115218548744088,1.3363820675277802,1.3356250123139906,1.3359620642151828,1.34344714848187,1.4679928294820972,1.332711330143287,1.358362422045966,1.3159379421407953
1.0476093143557237,0.9770356236370641,1.2280441835002693,1.2109590254070928,1.2281967684585915,1.2280454669041008,1.2280944784756835,1.2202721123541975,1.4568879055323332,0.8808687344997405,1.2399676149481815,1.0988179979891957
1.050356591412807,0.9425034751905684,1.2035934943205546,1.1814966830473999,1.2037493752519501,1.2080222631055333,1.2056306077353907,1.2028580418425046,1.3964408642378316,1.0025772068768113,0.8275648876582293,0.95257977911395
1.4870761251390383,1.3916113162460568,1.4350283869030418,1.4037540732929215,1.43752374498463,1.439190778165386,1.4407089875208323,1.441760674254555,1.5326604753708903,1.5375069245487523,1.3692179841726144,1.541520427606433
1.6391634561191673,1.4843186012142977,1.4658810278255745,1.4585859923450557,1.4672527556731638,1.4684852222786584,1.4692838121189293,1.4649731132976906,1.5345785851256561,1.4665684940594306,1.3692179841726144,1.5216031840773003
1.33978956325573,1.1503979681824537,1.267874502229807,1.2221520656701785,1.2730252884894813,1.2746715438292866,1.2765580473812133,1.2712283361682286,1.5431291133965728,1.1924091093720914,1.2798539313469228,1.3122334248666179
1.33978956325573,1.3797671556744109,1.3988365401863143,1.3880135898710784,1.3989248638218863,1.4003806684188849,1.39998915385655,1.401992160083896,1.633192303020011,1.3829823634398433,1.486942918205897,1.5118011211861515
1.4380785929374829,1.5688385325926302,1.2009798446028266,1.215884617089496,1.2013590100790354,1.2040848829155038,1.2041037663033587,1.233916179353759,1.3277865657685335,1.275149947289176,1.4609857237345685,1.3436617297310205
1.6597142851728761,1.523218210593172,1.407361190122694,1.4163772360392104,1.4090853549439697,1.4123351873874777,1.4111087941137201,1.4138805019618559,1.5186996447881804,1.4859801754814597,1.4498564068291244,1.4722537514182241
1.5533223438156405,1.5588710555575913,1.432250847528906,1.4428923888233987,1.4324252384549176,1.433829109393182,1.4337659617997733,1.4351382780520776,1.5393544480777126,1.4956247309438213,1.6235388452228556,1.5377871956912983
1.9916571422074514,1.5365285500724448,1.6400958040669418,1.637144780550207,1.6387047837009039,1.640286295251561,1.6395045126938916,1.6254287540867054,1.4968609320354025,1.7364428642372942,1.5039777647283608,1.7196581375867306
1.7873846148015589,1.5589182046738632,1.6559822194637555,1.6575758258718738,1.654311045304788,1.655822739001525,1.6549360558575552,1.6408330400206919,1.502793173404934,1.7601860278806174,1.5039777647283608,1.7255589546436563
1.7873846148015589,1.580416248049196,1.6633952271627612,1.6718174156566303,1.6627885206187552,1.6626618634723205,1.6624983639547795,1.642115854184013,1.505469598951929,1.8614379520481554,1.8795746561577868,1.8114973760233053
1.432236439224186,1.2166308025498997,1.3238458308447931,1.3006046580191282,1.3240054634411487,1.3238469672153446,1.3238927378857,1.3228792293194727,1.5038846127582055,1.3512886025667978,1.2787606417068533,1.2516928411061987
0.8942389950486034,1.1413035326990002,1.1403343354175253,1.0778737860473262,1.1485194065509094,1.1507964995422246,1.153843077741742,1.1461631675953026,1.4077239212938844,1.0584537461595809,1.2798539313469228,1.281058654853545
1.555830446669928,1.5350191274259353,1.5344100770189255,1.545733341186435,1.5350955545737355,1.5358483710665582,1.5362421415605627,1.5198563161469194,1.5290324169772316,1.584392966333568,1.3692179841726144,1.474134771826386
1.161221951203999,1.3879117056369004,1.406879837808489,1.361530556908471,1.4070721315406314,1.4108355001363908,1.4089247362938202,1.4090636236196148,1.5204350005218779,1.236692902745026,1.2731280616077751,1.297229416147617
1.6136460880367258,1.6004447921137488,1.6149858275063036,1.6075152517811668,1.6150602370205582,1.616094437445498,1.6156445834889404,1.610904687667503,1.5303031846085433,1.6737818542556622,1.4781793344359777,1.6336372276931383
1.870019765575271,1.9636186360942052,1.8394278487892732,1.872585544885228,1.8393765435507978,1.8382310585059043,1.8392403878337251,1.837369052923382,1.5430471396175538,2.0922079910214735,2.3447427827747203,2.1046837468198056
1.002603318117727,1.4477801812243658,1.4147737619617666,1.4253568009521889,1.414965060269179,1.4178657282252183,1.4165342756828665,1.4119854832369962,1.5279007350530254,1.521547077212071,1.3812121548536656,1.4359099786023677
1.3529724820632107,1.414428584163154,1.3982590052892185,1.4022585546589548,1.398383028029389,1.3998396865862441,1.3995691838917856,1.3926540640405223,1.5383733215961417,1.4264322561399836,1.3352976547582567,1.388260904459839
1.4125012786782896,1.4204145913146935,1.3934569113102724,1.3992926077125132,1.3987169935692796,1.3985739516925224,1.400764236152272,1.3947795844894668,1.5321089090437032,1.4030436669181499,1.2798539313469228,1.315986077874578
1.4689526969262496,1.4810489657231563,1.4436431010667585,1.4548440504639526,1.4437799957015627,1.4450119209845462,1.4439297742239106,1.4377973682815235,1.527051120922322,1.4590092170503834,1.3810956990236416,1.3304632616229144
1.4214134993288108,1.4192731321022898,1.3998883445551513,1.4061420551934203,1.4000402946023245,1.402802639796572,1.4014310722664827,1.3981349756640329,1.5325226865156367,1.4788372052651546,1.3812121548536656,1.4097993569990428
1.2264109379778163,1.3607261700245925,1.4154130847225455,1.4279759567612889,1.4155091532413981,1.416604647233818,1.4156411347356714,1.4003302660007282,1.5562569153927284,1.2678683173820624,1.192815598937871,1.3104870708738816
1.843550713751312,1.8115471044063833,1.5050027258384104,1.5147490758143909,1.5051706035438048,1.5050032318097772,1.5050332407251543,1.5334604487135137,1.526207440454192,1.542560834606238,1.5596686830294622,1.5689152430502837
1.5362202299234724,1.5613895764134493,1.325815171969687,1.340447422853248,1.3313466227860444,1.3320959390821043,1.3358841393419822,1.3540997239932815,1.4433077460195376,1.4000934136852323,1.732586225314418,1.5784238689849863
1.3701545778571316,1.3685436817631866,1.351927522807444,1.3476948281609773,1.3520779772704006,1.3550787408017912,1.3535389895730825,1.3570966624194023,1.5098919986028256,1.4052163663599282,1.358198660869693,1.4307233881131973
1.1613156455614835,1.0468676158362111,1.0583352588515371,1.0793112922725374,1.064850908561788,1.0689486652768316,1.0730135020969052,1.069908077283551,1.3656658321690616,1.1233467808277582,1.181879756372362,1.1827094271902423
1.9936998674815098,2.0270021022434,1.9588105909418143,1.9907148033830242,1.9587091718171536,1.9570376595258638,1.9585094917472514,1.9606238207028786,1.5655479555229457,2.2248174728741112,2.3447427827747203,1.803249723571868
2.296023208042231,2.1180268596776006,2.0311038029621353,2.0687626214205577,2.0288740779025605,2.02349923146028,2.0257717575435015,1.9980569230886724,1.5973250242546277,2.376800412426136,2.1619923901601195,2.4111927198950576
2.5342364015401793,2.073924726601514,2.003012251423804,2.0468418352815623,2.0028103623450635,1.9964732928463311,1.9986024843385908,1.9990220393421525,1.5827453718763944,2.3512976840534505,2.1296311951873075,2.2810892920883132
2.31645046078282,2.039461734605939,2.0044674220506087,2.026875760695542,2.0041232138950935,1.9993806187086738,2.001447882158657,1.9815134485147876,1.6371516659694483,2.492470818200418,1.8250803448909287,2.191205496124705
1.7352158364553874,1.472203072549022,1.221483557892763,1.2549628258594638,1.2221307896165037,1.2264601049037553,1.2241777712780504,1.2600056955631402,1.4907225484493378,1.4691404949018598,1.4533265271058602,1.4693218943026638
1.8364201560230613,1.6414623966567106,1.6150992915627873,1.6180442732093365,1.6146737116358392,1.6155046855335464,1.6150909363903532,1.6026684452994953,1.5221842266724017,1.7625045249945521,1.732586225314418,1.6529094979774193
1.4559550782874944,1.375327646960353,1.4170466136497437,1.391948505442545,1.4171605798977154,1.4214640892044268,1.4198522163037548,1.4398268199664208,1.512342014634481,1.4441024471816801,1.550153288925348,1.5411986316148996
1.267332688388319,1.2071112828929282,1.2617767916223213,1.241218488822664,1.2619942451084474,1.2663315751549291,1.2641083264221855,1.2722605906867095,1.4847994854024316,1.3172980642827496,1.4223212007890944,1.3987087020739506
1.3306735778161654,1.38956564587986,1.1936056309943321,1.1827713663838164,1.208924543310677,1.204505616006927,1.2113611887123235,1.2130211520770215,1.1703445118095768,1.1806704932510586,1.1369627184366327,1.2233222395637076
1.1335367514730297,1.6771172364629894,1.3977670519374839,1.4206054297559807,1.4065267169724436,1.4003046845387075,1.4052424373165384,1.4109856497796411,1.40217334669935,1.3699298521404009,1.4547242030749326,1.402051198896904
1.2074630613517057,1.338768607951403,1.1642635634883352,1.1405366528802308,1.1647474823852961,1.1642655613461619,1.164366225906305,1.2044146014454054,1.2025542784579568,1.44229028368576,1.1872234712372849,1.316755330018992
1.2972731541006166,1.5671659561542992,1.3312512895800173,1.3295043403358737,1.3397343670173893,1.3373462714299795,1.3411302609136926,1.3435078511195861,1.3001885211725435,1.167082237066363,1.1369627184366327,1.2006631491907696
1.2998709487000504,1.7671134721734354,1.4675688681056112,1.4882163744708166,1.467937815982771,1.4727685222788836,1.4728692761212754,1.4870913655118454,1.4075776226874386,1.3791299052141546,1.4481518008113412,1.470864181981437
1.6026206384892931,1.329872689389527,1.3435069728576219,1.3306206902953865,1.34570078050479,1.3454733390678686,1.3454161465076921,1.3518866204189606,1.5277880729324318,1.3780850873327823,1.5225938574834004,1.5245956431407703
1.6149801806884394,1.3622137973174924,1.362756232472742,1.3496155620548143,1.3628454116985835,1.3669035487199637,1.3652257634429388,1.3767884664164147,1.5066890121612146,1.402730137467217,1.383315582746106,1.5056780648354338
1.5415395821982498,1.30033691784682,1.3161954835064713,1.3039410202565782,1.3163753280592603,1.3185538609313068,1.3166380509878661,1.321469314880043,1.5139794722006092,1.3540349465751818,1.4822092687465274,1.5380652741545353
1.6988395395654183,1.3223159783436182,1.3300975149689742,1.3203683555808692,1.3316797755471388,1.3362779177239594,1.3342080414155877,1.3404039777894763,1.513387270348102,1.3922958536710426,1.4498564068291244,1.473798974910846
1.499514076832968,1.5752895457202036,1.5178091514644532,1.5144828488615714,1.5178383717405395,1.519491026522029,1.518754930736185,1.5311323632246316,1.5168906991931501,1.6145976135570406,1.6349926313271588,1.6282907134286833
1.537455939839044,1.5484118131181044,1.4796358969269354,1.4801839359892615,1.4812378160301285,1.4840734045835884,1.483043674001474,1.4812148226826858,1.5293674459820077,1.5100377391929822,1.5545819604851934,1.6005929463588524
1.5284633852944158,1.4591290987429433,1.4151802941758604,1.4095031193414527,1.4152560490937305,1.4165922903833006,1.416211138060935,1.4189812089792755,1.558223071519681,1.4741998892662813,1.6235388452228556,1.4901017023142487
1.6467006077904793,1.418727423107448,1.4763931755056439,1.4617775800962471,1.4766787092313405,1.4788449367464744,1.4787367336749426,1.4851187858551833,1.5198957810126401,1.5446274450914892,1.5025768126641628,1.5029908995997938
1.2909630476502172,1.276951979789749,1.2708224676355866,1.2656773206165206,1.275691311484123,1.2780372405021123,1.2811605966761035,1.2762845205863358,1.4939824847325,1.2873779574444242,1.3692179841726144,1.3485368702426377
1.3715393414576245,1.2475007144128125,1.2592835911072178,1.2536748072971062,1.2614483639161733,1.2669909455649637,1.264595990760935,1.270003230915711,1.4939234959197194,1.3114923390378648,1.2416768646276128,1.2822441102374371
1.3922150513874891,1.4669753360041269,1.4298039853433466,1.4285194998172939,1.4316630861675408,1.4352807655413022,1.4338942350506096,1.4311326832311346,1.5248715976434442,1.4514006479445398,1.3958356072748228,1.475742952560794
1.3922150513874891,1.470867329927212,1.4309255462173838,1.4298438740748323,1.4311358197852462,1.434214641624877,1.4328288279079802,1.4365282301031352,1.5223992016802794,1.4708623940869499,1.4781793344359777,1.4756606134785306
1.5889768609912485,1.7114412830347994,1.5811786623562074,1.593602536578578,1.5813365936126744,1.5811791824426806,1.5812084509318747,1.589764270379664,1.534550323169012,1.562751297604616,1.5596686830294622,1.6138813183260874
1.5613689622407532,1.684440985420218,1.5789812250550428,1.5907561382169118,1.5826957136024309,1.5801928470139148,1.582154411675031,1.5958984587784943,1.554829294653917,1.6598567020217894,1.6282052410167807,1.6240223394126674
1.5144342549057543,1.359909002617783,1.341694202376859,1.340419583973114,1.3417912296420864,1.3416950715257276,1.3417276165064012,1.3483550326328246,1.5136283891428308,1.406293345811534,1.3928818420806102,1.3997366282598391
1.5131200214523686,1.3369023287545316,1.3401303077561355,1.3336071050433271,1.3409646639375055,1.3450642457630504,1.3429922768320266,1.350362504277594,1.5121823181287497,1.3961407969567512,1.3828193068833319,1.372684497074375
1.4587709416202483,1.6039623996068721,1.5890216659481082,1.5866122770308315,1.5890429770227985,1.5902417842291665,1.5897190544803321,1.6064467217077243,1.5228529124329848,1.6634531259885543,1.3825244292282712,1.6697567751821014
1.9163207357325431,1.8162206521782729,1.791037588352939,1.800127775001204,1.7907884298118846,1.7893599896158454,1.7901015917868943,1.778465646629585,1.5429499046510586,1.7396143159366322,1.896602813160794,1.8789349809610785
2.1366237432970485,1.8210392197218241,1.8045818737400934,1.8152607436372858,1.8045514943099263,1.8034374531167536,1.8041009560671495,1.8052262718737309,1.53815430241071,1.735324948041702,1.8043746784556218,1.8114268122228414
0.9694767105068025,1.0664791138819412,1.1725139464806307,1.1611292495806933,1.1726385559189487,1.1725151992397347,1.172560675493599,1.1772336800917556,1.4917329272036923,0.8811627669274193,1.0760179920553894,1.0429871341730432
0.944425432307307,1.074147759484808,1.1740436043338092,1.1651787879438578,1.174153842857611,1.1765240146360072,1.175755373143163,1.1767146542439613,1.5080538383432565,0.9952787284062604,1.1524093943097558,1.0621688703344496
1.2984050699249068,1.3813282030945162,1.3654085651792927,1.3592520334378952,1.3654825549650467,1.3654093261657638,1.365436757756238,1.3718613686146215,1.520960562379874,1.418239811082533,1.3928818420806102,1.3947286161172072
1.2641540582609145,1.3193396813685911,1.3359753050679086,1.3249565072260192,1.3387270962664943,1.340949660603127,1.3417822244850095,1.3377662714821286,1.5275532990934868,1.36509946943791,1.5039777647283608,1.3920719572684512
1.1817386754358232,1.2723533693425244,1.2485582546042688,1.2217683259696575,1.2542372397758692,1.2562390929008638,1.2582889248480509,1.2537768980051507,1.4894520103192892,1.2685456214345272,1.3109535040523663,1.2854604885778562
1.4235465892213712,1.4219903617791236,1.3982720579441899,1.3904283326327078,1.3983550063681176,1.401963223499029,1.400502134854899,1.412198833019322,1.5092787593318164,1.4631878288493678,1.383315582746106,1.4045294764150325
1.3884454404460498,1.522403018113663,1.4495041578084185,1.4492828196775331,1.4500529880971489,1.4525370454132742,1.4512983805013977,1.4571100556259662,1.5262129893144183,1.536835392901239,1.3828193068833319,1.42523032593987
1.368944802237538,1.6914892750356703,1.5620940686920672,1.5701397090358309,1.562092349718522,1.5620941567207638,1.5620963786478372,1.5688795707195184,1.5325992115681355,1.6494866731730022,1.4774555096485171,1.4606572417237669
1.3884454404460498,1.2717561748446253,1.325921800778263,1.3132350798148147,1.327112255605279,1.3317126698987596,1.329488101953492,1.3372387027984254,1.5078850865382707,1.3662050303393207,1.2223082152317415,1.3501894047325576
1.3760290315049457,1.5191298710222854,1.6785331664879222,1.6659838296684342,1.6786173086565483,1.67921790156068,1.6786920716855007,1.7132338628426886,1.6021879556720626,1.3758562921416235,1.3214144319432808,1.454081357555011
1.6479389598861627,1.5168406246652524,1.7655374185818826,1.7622429090650205,1.7659336478758416,1.765587951965238,1.765951196845809,1.7526897353629223,1.565322065872916,1.4926636995679265,1.4664677406976268,1.5345360494628972
1.923968735667095,2.0481166649262974,2.023086904148549,2.0469410390488645,2.0229805016198354,2.0230858772889073,2.0230481499512494,2.0347715940707083,1.5957389560074486,1.9446496835898575,2.0155481155037003,1.863846090573628
2.1093618686542883,1.7997011779293788,1.8931800676745327,1.9035451297467259,1.8931581158813175,1.8917444601874418,1.8926457841121471,1.8897872178858814,1.5877817039120004,1.746513044547759,1.8250803448909287,1.4372706994761288
1.4666656742986848,1.5300489575056226,2.059732666769913,2.0603936110791543,2.059757584525659,2.058822214720115,2.0593840248248,2.0647319758853007,1.863392762021322,1.524497285816459,2.2098623556363597,1.619947822562431
1.8333320928733559,1.6315216369686572,2.2504600970257758,2.266738652884905,2.2493058074599563,2.2439797664163827,2.243795698990911,2.2623834991264724,1.5693565849546924,1.8513710264809102,1.5025768126641628,1.6252726137878781
2.199998511448027,1.7686675202143436,2.308525574780319,2.3311136759212214,2.30669368531644,2.300781117075868,2.3002006446045726,2.3171791470672805,1.5888334179420165,1.9950612068532032,1.732586225314418,1.780778292542329
2.2535565276443275,1.9737215472701584,2.395855800967831,2.436392604533612,2.3956899057951264,2.38631884524834,2.3905590650745787,2.4175895814157204,1.84229610077894,2.2248049244088492,1.8201001095705542,1.9876954830580453
1.3410838478086198,1.4472031278834883,1.436219959447301,1.4230266913349108,1.4361267221626863,1.4362201711267588,1.4362166140002157,1.4439154932376217,1.5097646656663295,1.439580742844929,1.3928818420806102,1.422834706141575
1.885775309847439,1.7932289825362069,1.9130112428951085,1.9154106290738115,1.9128039330479938,1.9130102757297065,1.912964158578303,1.9253994369919505,1.6147069772357312,1.7934722343288665,1.6206269353270666,1.6870913894771704
1.758644390082443,1.703429014423996,2.2870993003688143,2.299599208943464,2.286829852274213,2.277896794296398,2.281051754754099,2.3169135898587525,2.039850097982689,1.9691395297400396,1.8201001095705542,1.8797486095720422
0.7333328371493424,0.9638995973832647,1.0376014626921444,0.998848748236119,1.0442696126293765,1.0478269509139344,1.0500934308182455,1.0484103578632678,1.4085608114926986,0.9450736811541431,0.8572416116935732,1.0147654850824395
1.3760290315049457,1.7936820654844359,1.674723768296855,1.702118456420959,1.6746296510708871,1.6730966562001728,1.6738139582644984,1.6698455783725774,1.5459839163699303,1.6652981706667247,1.2182862775323384,1.7509503896935155
2.0805229368562803,2.20473398608004,1.9728373351195059,2.0064646110591506,1.9691222752280073,1.967309566187101,1.9660073574942598,1.9564779146245097,1.5935668828885707,2.1876555765973946,2.2014146739009828,2.0561493255567287
1.3554297945063687,1.520465105041491,1.867198531578238,1.859175480750316,1.8672624060415806,1.8672839824181025,1.8675061796902699,1.8679152301663402,1.6395982868638987,1.4076231056270072,2.160433144915399,1.5132839848080786
2.381271797035505,2.317417885571548,2.3929452459620517,2.448137169269687,2.3926957800606456,2.3883129382918757,2.39217290214915,2.4126813098766933,1.8683215781005271,2.605634443570106,3.272068831409133,2.164646003688725
1.6479389598861627,1.8176098286120175,1.901776510522244,1.913155341583828,1.9017496107394134,1.9002210886990187,1.901183869513557,1.8980885431492807,1.5882756094122565,1.7593296022415634,1.8250803448909287,1.6454271410825527
1.5396966949316169,1.5968139163101347,1.833936896859252,1.8259020188407113,1.833755214974428,1.831769041195002,1.8325150352530792,1.8346971125180351,1.624496318723127,1.7722286547765533,1.5980195615175465,1.7222785775476692
1.1535572719203138,1.811099897934701,1.9004037011784702,1.9102357174892517,1.8998803008896186,1.8979911684848905,1.897984056368198,1.8866231492165297,1.5846737753046265,1.8499235963537066,1.9607686624589793,1.9894364826006778
2.607054561927313,1.823099021338415,2.2767797138358894,2.2895136941310854,2.276637585165995,2.273995203550821,2.274789547837176,2.2520733038518874,1.6924481651173464,2.043785027743371,2.2098623556363597,2.6229113801526887
3.0037802561336435,1.773554096814999,2.2520765922591455,2.2626256951894748,2.251919910461066,2.245140283570037,2.2479312569921257,2.2681468768513877,1.5971495081373959,2.1019918311411514,2.2199996803189683,2.2291636518885922
1.1559969966505188,1.276265346104921,1.188985059206073,1.197933257965766,1.189248902430526,1.1942627655155977,1.1917351550908208,1.2082020164152096,1.45198138441901,1.211193770745673,1.1823228964972838,1.405247882405054
0.9206454788432161,1.2872931475135119,1.2699715426698304,1.2949171719401438,1.2700661976459675,1.276006999503989,1.2732739416472687,1.2893901626305664,1.4642439606812885,1.359583543449977,1.4010606167617414,1.443461370799783
1.4149608773284352,1.4185197756121375,1.4229479579012947,1.4479258575593223,1.4230012671706325,1.4242299645253003,1.4238150669859397,1.4215658429498859,1.5252886970272423,1.4667030415040774,1.6257180615791267,1.547372639086077
1.5281015505564666,1.417234362227128,1.1926844513640313,1.2099064816377274,1.192906570317155,1.1971991213361892,1.1950201881229239,1.2177163918130178,1.4503295911900704,1.2848886413478455,1.1823228964972838,1.231394642534134
1.9526127202525958,2.0497762968708955,1.9507819513437912,2.0179284907075004,1.9505629120126318,1.9421346065163378,1.945320670102225,1.9281204981168991,1.576202413400361,1.7896570142065382,1.8751445271141904,1.6827878844987607
0.9334834730687565,1.1874951018439321,1.076968560381887,1.0997776067886478,1.078984255431466,1.0839623122660544,1.0847283503160035,1.1028958461792422,1.3315333795729885,1.3794917111569722,1.3692179841726144,1.219085514639978
2.493598018609623,2.6687001267193176,2.3426887820410003,2.351377121751688,2.3348062090540953,2.3280110489844548,2.323378449339001,2.3085972201519622,1.7920649671890603,2.2777805271894183,2.295660719636237,2.2786384739539036
1.8261727446686888,2.2272676378050953,1.8881700634408185,1.7815532864277877,1.8878623092655857,1.8844787659559632,1.8874526088827615,1.858195464050542,2.135232551880489,1.9606462235761595,2.2640964253462004,2.0394270831776073
2.025089727628205,2.2382437081486177,2.044900684876962,2.1223865964348363,2.0447634960502756,2.0402149515874286,2.0428529724205613,2.0302197935488078,1.599679090726558,2.349541851318784,2.306419720505651,2.3511044614119148
2.3377248624576965,2.224981767145557,2.0422909703940575,2.1141720376191215,2.0393282264444763,2.0346556944648087,2.0332016386179976,2.014741971724963,1.6084676011263048,2.334716795673022,2.1693192363817078,2.0820727243106285
1.0866015500108597,1.3937568872097024,1.3254664306096369,1.3252614991489158,1.325584970622489,1.328345420489393,1.326855803820988,1.335344441742641,1.5225545292267977,1.190074130104064,1.1823228964972838,1.216942003204532
1.0095184446648668,1.313446008261444,1.2766261638195726,1.2718846343263843,1.2767677533202342,1.281826885361418,1.2799691861288878,1.28834539628786,1.4861404058752772,1.2042377853857602,1.3569442043366933,1.183870639935928
1.6716555551379093,1.681944796069709,1.5455823392496653,1.5499691486110694,1.5487034559179442,1.5480717504539676,1.5494204105457046,1.5446683886728378,1.5403392491839718,1.6211088940245055,1.5767847779433264,1.648513884809099
1.627062694697954,1.6837592186458554,1.5539786257918766,1.5602436624433105,1.5558697218414348,1.5548037510790094,1.5555996351856982,1.5659202391677232,1.5540480513027664,1.63847316905393,1.6282052410167807,1.6285139432542701
1.9583210042629344,1.4785060020019665,1.6564036659354482,1.626659023984516,1.656361348806752,1.656649999085456,1.656313658014465,1.6436531986846603,1.4952440834079068,1.7124171498378642,2.166808048866195,1.8596960744906523
2.2565424769933307,1.558262801089383,1.7343120046520508,1.7096166081454152,1.7309987502296402,1.7334158259888905,1.731719203243224,1.7144752436432187,1.497794250238131,1.763455764437964,2.0292174604546904,1.9356128734490021
2.3360682030547695,1.6433047507795475,1.8113700769644399,1.796671836938647,1.807053826621031,1.8101623220511835,1.8076865623745229,1.8187287327406587,1.5165427842699277,1.7901218666981498,2.2140551066631833,2.0804321846802414
2.113008256044256,1.642732559853377,1.8029481692439422,1.7905518313742146,1.7985231160875288,1.800874160203387,1.7987350270042737,1.7796345420143513,1.5008826057345468,1.784631470097269,2.5766146089994226,2.1821088131068835
1.9645265948087134,1.447689006189142,1.6423591607850652,1.6456811538663296,1.6391185980715643,1.641093377710603,1.6385632629061724,1.602375554990802,1.422882258112774,1.5870642180694625,1.4506886887377262,1.6228329439197686
2.078743257297592,1.8748947003257361,1.9437722693205963,1.9650689348072465,1.9435458639649086,1.9404515500492803,1.9417995494219558,1.9085435740260674,1.5881432141760152,2.2461240742913713,2.6289367288036467,2.3541587530749886
1.2449616211287777,1.3802210859105135,1.5633646181692802,1.4984774826302567,1.5633430889540665,1.564305212650611,1.563455150419439,1.5651935150613248,1.3499517463651443,1.2434510622270485,1.6286523990445518,1.567927845975605
3.238300470382303,1.8624882350872796,1.943264371599678,1.9567622565772493,1.9363312796506973,1.9406792811619713,1.9373306092674747,1.9439500968478318,1.6162504025012212,2.0811372591287607,2.2140551066631833,2.0541697858371015
1.831236877655975,1.8069335798829118,1.605332734479502,1.618459830718561,1.6053380719713983,1.605402590758313,1.6053773992848488,1.6138302799464896,1.5362028875751106,1.7053959039804787,1.6565718711659496,1.6056336224137775
1.5673468472514023,1.662233056161925,1.4977293211431792,1.5059452752293063,1.4980687942171107,1.4997001930687113,1.4988784630969352,1.5081331435688468,1.5240326902743218,1.6014370188275615,1.683956120963314,1.6416205823715881
1.246541420545634,1.334614769865362,1.115968130535966,1.1384606358665184,1.1162188894202085,1.1190726084285987,1.1165632785261344,1.118078333732193,1.413340721558092,1.1546798118779722,1.0328484177814665,1.1129291921372846
1.517339948173261,1.8106925720401956,1.4579929710133255,1.4792505637609084,1.4582734132544934,1.4620144642058817,1.4620437688271704,1.469318211714845,1.4766810029093898,1.4572931354644156,1.4481518008113412,1.564173797408322
1.4475474803697208,1.8002566561765285,1.4325594449281747,1.4493756863599354,1.4328621700600714,1.434434192135217,1.4330590283345723,1.4509113106665863,1.456705946734736,1.4801401537719507,1.458618501876509,1.5422532956939192
1.6457782668185472,1.7694907108855513,1.6223427184779966,1.6327234648871434,1.6223333372416278,1.622258399096408,1.6223242701219271,1.620923033828975,1.5333561918597107,1.751243332333663,1.5642772662693458,1.6366560847246083
1.5770131700694618,1.7365600104648833,1.619578050672816,1.6259434389169298,1.6196020916936944,1.619875801784989,1.6197716974532126,1.6226707531222595,1.5310345400054914,1.7128489354713288,1.6565718711659496,1.606201664258906
1.4748802276517525,1.2265809778773293,1.2203822691544162,1.2239060195985028,1.2205999190726566,1.2251719003711985,1.2227888488301715,1.2292563391083255,1.493302655503471,1.2457839532626525,1.178752008519946,1.2135789053860087
1.750990161400036,1.8288730679406346,1.6302647303250621,1.644880344034267,1.6303153768819343,1.630476853413858,1.630539026866421,1.63608340297559,1.5346892725795935,1.707869563458646,1.6565718711659496,1.6267873327575006
1.3918515314116462,1.7025554533854692,1.300848961581596,1.3196245982755521,1.3011543325826112,1.30482720109615,1.3033541997182376,1.331457309376118,1.5378345004997955,1.557731184694567,1.3815425994036659,1.5258777110490622
0.9912758385105613,1.4399524890185769,0.9739114300682962,1.0141445587174927,0.9744389642974617,0.9815402512391647,0.9784791434292024,1.0272679988592905,1.3804530529122854,1.3620419378172184,1.2605879404708238,1.3093524692787495
1.9976856728943082,2.064691072979447,1.6610241060407909,1.6575597279540673,1.662813899065061,1.660507871658302,1.6620909819190468,1.6662876784180853,1.5686452649847729,1.8310206747926934,2.1693192363817078,1.8953941559769123
1.897243376491801,2.0387155349050787,1.6430546373940527,1.625316645952623,1.6431494794545205,1.6428382870219707,1.6433224082938414,1.6573633419568827,1.617689808197136,1.779834474485008,1.9975408294129309,1.959099119678084
1.37972954303359,1.8979180586834796,1.4467183558299457,1.4735509100583961,1.4556347006369272,1.453175342941622,1.459782975286252,1.4776470520537541,1.4668560756816953,1.4942760561411268,1.4507151738228554,1.625289665339182
1.4498232293414377,1.7626274856562216,1.3581011953764626,1.3915910479357505,1.3584461568395225,1.3581023769309728,1.3581676224345511,1.3907125583322602,1.5225776227469938,1.6118885377033967,1.3699482598177075,1.4671127945145823
1.6965880248796315,1.8730884968229176,1.510286341678937,1.5064499987487685,1.5023148274273772,1.508722456759167,1.5035052679740146,1.4987591561005722,1.7043505334042004,1.511967915501312,1.3858977977737668,1.4854487820538818
1.484355396839727,1.6166435040625637,1.2544264152177007,1.3053066211430713,1.2547433136952206,1.259350383997816,1.2572927615853944,1.2932739642922542,1.5906164528356603,1.5158379303719667,1.4461408657218702,1.487303799579552
1.3097561373161486,1.5327736228403992,1.1445635403807797,1.1861137279489238,1.1447735265512584,1.1465999530535482,1.1464337109861036,1.1854882917263572,2.2960050033618042,1.5968008774526976,1.5066514284731463,1.5308252360594743
1.3255017333893466,1.4270616379359227,1.0976892721566418,1.1656748837714885,1.098221539417391,1.1054962141529021,1.1023479986041034,1.1407641348788422,1.2879618087751856,1.3367283675237691,1.4461408657218702,1.453643842403699
1.3509539158388248,1.542621304828465,0.998461672750776,1.0252984507303002,0.9990150025323363,1.0062001697874297,1.0031774794365522,1.0619714154371653,1.5841327526260496,0.8870992246240378,1.4461408657218702,1.2067349605981839
1.0512306913746459,1.1291844568021423,1.2966556966239458,1.2687244058916223,1.2982108361759535,1.2988575234088575,1.2980317783664461,1.3028137199345824,1.4859835980568952,1.2689663970981646,1.364783708783062,1.2829629809885117
1.129513827966375,1.2498290938491423,1.409545835999694,1.3803539334527963,1.4116251908377175,1.4141056964233412,1.4146221917027582,1.4050733828579234,1.5122487530678392,1.434638110423811,1.3109535040523663,1.4484226313912951
1.8508370151330202,2.451001735423904,2.3242122144388535,2.419535038884456,2.315901310747625,2.309777056675642,2.30475794350712,2.2759287114451174,1.866036906965119,2.5130472004182067,2.295660719636237,2.3491082079354175
2.0745031196808172,2.4448838116888516,2.3076407356214514,2.401908299581441,2.3040418371683575,2.293198549482686,2.2981295818975243,2.2708822429853557,1.8257459659921549,2.483205016141488,2.5528175409899534,2.260694223147486
2.2646193085464446,2.525091201033944,2.4196079549620952,2.5242576399824816,2.4192416680476496,2.4053453490810464,2.41060757005567,2.401213517721077,1.947915947414943,2.8504786261088837,2.0516262842815594,2.5163553959702254
2.7343181280968185,2.690975638404379,2.580810668782678,2.6919880952910393,2.5803498315232445,2.5739348542641345,2.5795794270691985,2.563117510623975,2.2247652305459953,2.9843055722989096,1.9626700674069189,2.333740026184517
1.5227609482713456,1.6019971054020563,1.2346382492684222,1.2810081533620483,1.244270607674592,1.2383588205321008,1.242885455556432,1.2568942040874396,1.4541030853051458,1.3789617094770805,1.3858977977737668,1.381853678706801
0.6549509454930519,1.0444291292746133,0.9990176405883853,0.9968444560793004,1.0026810021507895,1.0099091963150162,1.0071095367864862,1.0533231512637125,1.2190402495190953,0.7068789008385361,0.7222333692624535,0.9002164614714027
0.6952023922591567,0.8752177770032586,0.18241047430440904,0.24606076682725142,0.19983808586044405,0.19153056458058448,0.19740399869269343,0.19252638637824626,-6.163112395165508,1.0327261616936207,0.7448371616958481,0.7962457170715808
0.6073181494571936,0.9537883066082246,0.8750894471989864,0.891533537464519,0.8849315794020803,0.8880185918373004,0.8945757529191587,0.9124125124118849,0.948758720929329,0.7193971641867053,0.813172126097803,0.7660815498237836
0.8186886818663149,0.9951816672860847,0.8686716664949532,0.8887450642053666,0.8731040341720862,0.8827198292584382,0.8788260378763257,0.9262114753788545,0.9882362758817048,0.7059550746669326,0.7222333692624535,0.8296554653234179
1.6514646680836056,1.7954893981175497,1.700877130139533,1.7176025244995736,1.70090995686915,1.7005360762569328,1.7010262118543324,1.7060085324001746,1.5173639691686693,1.8905222618946498,1.893438482461848,1.8111068596653919
1.5599697091537719,1.4387634463503314,1.4423933279343806,1.4475806837815592,1.4443913786994937,1.4456565637810694,1.446907245468159,1.4336640456117153,1.5287620909912152,1.4404308521056821,1.181879756372362,1.2940546028931794
0.6913994497540412,1.0273081484102295,1.2508683166526162,1.2533005383941946,1.2544720209116527,1.253331147628451,1.2539846013059601,1.2523234090119013,1.520897559210986,1.0538295540450173,0.7448371616958481,0.8232418112612501
0.5679352622979624,0.9510806756021841,1.2363436378525585,1.2395406080294058,1.2365142815620476,1.2402861655096573,1.2382822458038845,1.2366443553482116,1.5165047665996856,0.99646879590473,0.9717955882498115,0.9058798709972029
0.8038034331051092,0.9816768522670581,0.8395967583887085,0.8700188929651376,0.8508128017913641,0.8452844870440387,0.8492392314055057,0.8504142510076117,0.7254726297771154,0.7751823227189536,0.7448371616958481,0.8425508943799384
1.6596778167826185,1.8272059549867292,1.7288022138252168,1.733759307365111,1.7287355719571316,1.727878524076268,1.7280468579881347,1.6961459356894526,1.5558446943407436,1.663387276546786,1.7135256977369053,1.7297093456565191
1.6473473723785872,1.733090474743519,1.6132005911038496,1.6323284380972416,1.6134671013748978,1.6139187274818292,1.61406622755902,1.592319266454704,1.553115648714887,1.5930535399072694,1.7624913052193443,1.6227920649647083
1.2782139886746808,1.544503923173998,1.4227881014426895,1.4604317485306397,1.4228921691578325,1.4256750600471344,1.4241472518396887,1.4226987670665578,1.6142066466043543,1.4074384616434974,1.6450802621015035,1.5426328195767534
1.873152421297319,1.9776586581957887,1.7968277071044003,1.8664616537854033,1.796852156908095,1.7933649606068336,1.795596462429698,1.7859073279964603,1.5253450803206063,1.7964294989690535,1.8751445271141904,1.7835862446056316
1.7230813632400614,1.9604790651534891,1.7680880963984886,1.818903363918545,1.7681007938419209,1.7663193949670855,1.767568810314998,1.763358879319245,1.5525813848482768,1.8031896608474207,1.8992482892016977,1.7907480132504403
1.6945473262834545,1.8615381007689866,1.6971908308490287,1.7271280469078243,1.6971674820313494,1.6971904129218527,1.6971772692262301,1.7088652481452296,1.5422994279700895,1.5585044063760494,1.7912100651437026,1.7146246605503124
1.7063794896846922,1.9470467757672192,1.7635649053028752,1.81005310750731,1.7634987884308746,1.7611802484262629,1.7625327214018973,1.7630094837631023,1.5423585772941588,1.704710121661094,1.8058903981339511,1.7396782823448438
1.6747150877458283,2.016207475753375,1.8719188605671186,1.9410949298576938,1.8717513882499732,1.864901382785742,1.8675718047092507,1.8573412291325142,1.558014669021151,1.707162976538515,1.8751445271141904,1.6492320261849984
1.394723371608997,1.5157249989828683,1.4355687521128915,1.4414324718265712,1.436514171081761,1.4365612292051853,1.436396155884393,1.4372689559009668,1.544178500314246,1.4221383233899028,1.4547242030749326,1.455656555181961
1.8452453625193252,1.6602893998187842,1.7056903320615868,1.7205870856333232,1.7019783997719582,1.7029162482882785,1.7001902871051966,1.67291877341899,1.5248429324639055,1.8253917206303338,1.7624913052193443,1.592362713392857
1.6647078557754067,1.6156934557780838,1.576050548879602,1.5823884649127682,1.5760157341248082,1.5759218241261128,1.5758338770847653,1.55567357037743,1.48843424349806,1.589656930002414,1.7135256977369053,1.6069810342289736
1.568840913016442,1.559093345344348,1.4171528743931483,1.4237760211224102,1.4183040462543384,1.4209277698271356,1.4198415356791967,1.4077679384088484,1.49383249457648,1.478843269953626,1.1267200328937936,1.4619047674092764
1.158410551065281,1.3870764063783672,1.1493208097088123,1.1524703981267477,1.1610110609014854,1.1588055633557512,1.1639620432331075,1.1715971067900801,1.4237597929114814,1.2569825467326454,0.9937663425914586,1.1815590350012384
1.0268931914838686,1.3035069528942365,1.0257383934587767,0.9811117265510425,1.0261155329927103,1.0287909487057156,1.0287947140149907,1.0372770035929544,1.1580787610863756,1.0339424138843885,0.9170807175278921,0.9727984381923581
0.8240207541144107,1.235744393542665,0.8691365481316934,0.8489840577814025,0.8749091588674704,0.8846118007786492,0.8811920212986227,0.8753557821801274,1.5188375004027421,0.8219897087236431,1.2416768646276128,1.0423886119951236
1.4223868534085784,1.5250778586062068,1.410818129389803,1.4102849769336616,1.4109773419664715,1.4134331195377001,1.4122948915289577,1.421362623319819,1.5045141328656242,1.4385406783718335,1.4223212007890944,1.4255431600519415
1.3991452381568044,1.719223482525651,1.5486083512503348,1.5625565029508202,1.550625071190172,1.5492528188201709,1.5503309548126663,1.5546729655857159,1.5448332439475312,1.6184082190189544,1.4547242030749326,1.5574576133263673
1.687341267278804,2.0462425776056627,1.820335308320355,1.8684351320436443,1.8195895283726964,1.8157680290262541,1.817708716846853,1.824894655933712,1.555102425022,1.849503573938671,1.8352828201962574,1.9083727993617958
2.0592071113071904,2.1956232570626897,2.015400702223619,2.0826727759232964,2.015246321249755,2.0123162025920975,2.0131980866834076,2.021861802372514,1.8033911555834243,1.9353472975481685,1.7256466429323227,1.7644085156156049
1.2028112990790025,1.0603843239213973,1.09707152397067,1.1271596743924917,1.097372813176547,1.0970733423122954,1.0971510947112932,1.0986615228503163,1.3487238823479162,1.139380738528391,1.2399676149481815,1.2269679998303076
1.2327681003712616,1.0613506432008402,1.0885200116941647,1.1099350218595023,1.0973170721956604,1.0985030343274165,1.1019883948098164,1.1022635188237095,1.3769762136874382,1.035105298552108,0.9728285559265565,1.2021378881931735
1.2558167612517424,1.0546707031140945,1.0883596164673315,1.108176369133583,1.0886534084895758,1.0946836193580398,1.0915663537606877,1.1003705270876853,1.3828211860066102,1.1897124609429865,0.9717955882498115,1.1748301426103116
1.365198810538178,1.2118992454560815,1.1873168677526702,1.1975543926251806,1.1873373086869852,1.1891349786937475,1.188319264564644,1.1939136921379716,1.4760422470902468,1.0859345247523273,1.1524093943097558,1.289924032470554
1.3626967378827262,1.20583964798091,1.1797902078911546,1.1911392232347047,1.1798197046218912,1.1816745417714634,1.1808630305901668,1.1864307224998736,1.4708619467272883,1.0812228674039823,1.1524093943097558,1.290819127891517
1.5111291083439733,1.1911568224440752,1.1730722061669359,1.1803190517961692,1.173049690900703,1.1747961538640883,1.173252790852651,1.1506076047231,1.4697628213697214,1.0101761575150294,1.0328484177814665,1.2661117763795198
1.0875236612856354,1.0379850396128658,1.0244959833398144,1.0665291612953491,1.0248899955497492,1.0244982069508897,1.0245957743411678,1.0329709484736553,1.2678087454558113,1.1537153754271534,1.0915197910978427,1.2133043431914379
1.4653861783688975,1.2679996158586486,1.3954884552523796,1.3497146624937069,1.3939129237023498,1.3841365252798363,1.3854165351323429,1.4315275523952966,1.382794824538564,1.4496514059492922,1.4778290766699471,1.4264332602015266
1.4864074558222973,1.267457302358439,1.33341229340573,1.2869142921159633,1.3003320086222938,1.3274377448269772,1.305283248958469,1.2716470384019238,1.4093426883524174,1.414864828897645,1.1845797522902335,1.4231660874028929
1.4332024219804007,1.2668860906499344,1.4155680159921726,1.3643729866246326,1.4139612733472482,1.4084699765884765,1.4132500346359151,1.2826179655634649,1.461246760503198,1.4707917405053008,1.4822092687465274,1.425086008734616
1.3167405961493517,1.2769793578578168,1.3262608657454924,1.3130132520014175,1.327632514080516,1.3321301124849771,1.330035694589719,1.334016699329075,1.521266248853422,1.36761362500626,1.3828193068833319,1.3289231913990052
1.3357161891065132,1.2818101906535095,1.347664238640439,1.3244436585085086,1.351193104260067,1.3528859042297516,1.3541075292014737,1.3478682801612265,1.5408536728237738,1.3326064486163016,1.2798539313469228,1.3842208447054332
1.196857552080047,1.3901686027193,1.4295226931287917,1.4191021920291556,1.429379620643771,1.4296264723766134,1.429402224441366,1.401194067853985,1.5174456996449095,1.2299953594588435,1.0328484177814665,1.234432995229687
1.3818601890061246,1.2148053277159268,1.3016842113068194,1.2751954577259736,1.3018150193912785,1.303983733312488,1.3033934164527987,1.2999907373740631,1.5718846035996505,1.3056698732554923,1.3352976547582567,1.3175469060726
1.3739029824505675,1.3323864859543373,1.3783929576724225,1.3621100449164385,1.3785004414483166,1.3812102485494773,1.3797202241708737,1.377895126018453,1.5470264549824022,1.3823944343694785,1.322301662967785,1.3569995347253025
1.3896273223962272,1.1967748206512454,1.3088946154770928,1.2732340908625428,1.3140053424114486,1.3154359200072472,1.317336615964729,1.3105185808035102,1.5312673713330442,1.3020566984083337,1.5039777647283608,1.3136124485522698
1.1189630121654284,1.239910523847422,1.318992086684014,1.2943330223814875,1.319157663545397,1.3227051453554148,1.320843915123474,1.3228243263200665,1.5060000286812238,1.3651228839605642,1.358198660869693,1.3886165045271543
1.2662533193550958,1.346880172895655,1.372869262871503,1.3650771254743055,1.3729874557761748,1.3770279155924565,1.3755879277389575,1.37912039794545,1.517402141378031,1.3748266993737304,1.383315582746106,1.3543881525466164
1.6030194805933984,1.4525804628731689,1.4712971817338172,1.4575300032066056,1.471435210336514,1.472953061288091,1.4727090691496112,1.4692534690027235,1.567960853549196,1.519907787595576,1.4705026759571613,1.526841040928295
1.6567753815393516,1.6220802697891743,1.601814696923815,1.5919648160969995,1.599049288943701,1.6007052010193588,1.5985232271171776,1.5973338865429023,1.5251488048261286,1.7108740928792114,1.732586225314418,1.6997064309092453
1.6385645953955084,1.4043346143204114,1.507136752107263,1.4783968555285492,1.507253082262173,1.508575393075012,1.507413224170785,1.5213942720656564,1.5421535865055824,1.4991715177707778,1.5642772662693458,1.5296551208356481
1.4058542146005808,1.3709575780311383,1.4121840745546934,1.3739754072022565,1.4123575222236082,1.414363353149425,1.4126000838198873,1.4283146406734764,1.5301152315834539,1.3592470837145458,1.5642772662693458,1.4237235175496263
1.3419517503005542,1.3676569042265916,1.4040899550413282,1.3632471534696697,1.4084002677942726,1.4065471913416918,1.407800713196071,1.4237498249512062,1.555238859549221,1.3194436237414764,1.2709339720528259,1.3763823834175446
2.8645849019549523,2.4557020225460695,2.3146567619552734,2.4520018917538726,2.311470989295229,2.300660723180105,2.3057346894781103,2.2855829800710663,1.8707634813652183,2.679335029327054,2.5528175409899534,2.488404754255064
2.964512282255707,2.5937609831196378,2.377996587078247,2.4980252824482427,2.375035555969665,2.3640730897012943,2.3693267379016825,2.342941952059413,1.917650204168429,2.748747100218186,2.1619923901601195,2.5034585739709274
1.403241365221746,1.5282777880211138,1.8420370830459694,1.753606615962475,1.8393529204476735,1.8405129013296015,1.838424094594515,1.8170803981018078,1.4679334692203254,1.4358500792272941,1.321492483335149,1.3090156099353607
1.186337727221154,1.5191298710222854,1.8289551527656522,1.736927481011414,1.8288416702110784,1.828444444611498,1.8287910635680873,1.8380391316561184,1.4574083412801346,1.4268500438938658,1.3335858416580955,1.5159789272638662
1.6608728181096155,1.513743944552173,1.8193537173054133,1.707289513708019,1.8192182419230478,1.818075481833307,1.8177048305983627,1.8332269464208866,1.3898703148058709,1.3795133763888,1.3366562551597458,1.2659158163951898
1.2515395960085842,1.520465105041491,1.8336585957404754,1.7414506596700239,1.833547805513777,1.832991257698263,1.8330067505459273,1.8033309602821497,1.513949393049535,1.4012386063824414,1.3860028631909134,1.4388483737061928
1.5526975490353707,1.517543333913802,1.8237907539527725,1.7332538179765853,1.823655563185982,1.823790496484827,1.823770113033274,1.804925449698298,1.5074849027444848,1.6298590954734506,1.2619887518164121,1.5527219734477817
1.2894650383118746,1.5208649148824052,1.784630250904376,1.6939247642404778,1.7845752975116584,1.7844463822119843,1.7843571475226725,1.7670552372555264,1.525840149890271,1.5519859456549527,1.3497329220575776,1.3800858953767843
1.5303756681152885,1.6571902241725893,1.8139726953634996,1.7955155992681187,1.8143337921682872,1.813404677760224,1.8137479370813572,1.8052623507292593,1.5352440326567618,1.735492237751072,1.5025768126641628,1.6085040168707658
1.6134193090207694,1.5897552586878647,1.8297184386187868,1.7985567893244907,1.8296484336775838,1.8283506741639703,1.8285874964715876,1.841178660300277,1.5010223975003176,1.71540818100587,1.550153288925348,1.5644838593262427
1.5303756681152885,1.677041241949651,1.923683606424916,1.9041879189746342,1.919661936496374,1.9208009707887506,1.9189699709651327,1.897587358664853,1.555832352362464,1.7503582406258404,1.72199222534041,1.6246124711780332
1.6679882024502246,1.5972338022488075,1.817085100546285,1.8175077146362628,1.817046427964337,1.816459208738756,1.8167393637047218,1.8030683694322427,1.5566231785750693,1.5667671159517007,1.4781793344359777,1.650682328440916
1.7656167502905527,1.6840367816435442,1.8524994234703132,1.8545370960356438,1.8524167716876168,1.851658149685965,1.8517345652051955,1.8241672361614678,1.5569226651142705,1.6642460794269938,1.4705026759571613,1.6387116661921435
1.1767369223645745,1.1637758877356517,1.349784118104421,1.3410649997030069,1.3503113289631845,1.3543536624376489,1.3540522063467106,1.3444561502630399,1.3901089418980836,1.2792647349359267,1.1828627207692926,1.1692592747844284
2.2813583413703125,1.674914485957023,2.9530837208562146,2.9657984138486366,2.9453484748904364,2.946443170254292,2.946353391653126,2.996646639021704,3.461801713235438,2.8703028244083555,1.8364713995015964,2.03997398336918
1.5190636751171667,1.5261322334003213,1.7101349998458137,1.686993966177853,1.7073620103874123,1.709799621429901,1.7083248054747309,1.691119552086921,1.4861169931332274,1.693275367442503,1.4351579762129933,1.5399732427056518
0.9182302957360146,0.9900536424297602,1.315381176486786,1.281351440951728,1.3153088813855698,1.320082016906948,1.319411311461826,1.2904905631142445,1.2842823412599398,1.1010928757052922,1.4506886887377262,1.0276699002135672
1.2836266348598642,1.5416277363557906,1.703869014399122,1.6844507475091595,1.7038099786386394,1.703807470334609,1.7035988425266828,1.6698393887206986,1.5197829494925907,1.667902854257451,1.4705026759571613,1.5775272962653737
1.1604524305922486,0.9691319029093945,1.2267614381388396,1.2098155119496425,1.2268062258648418,1.232668952455111,1.2295740276603362,1.2292642803984961,1.2928726344120318,1.0068213298468855,0.7985417707349625,1.0603660494304672
1.3749060408425031,1.515472462323915,1.7309628392839755,1.7166569774121356,1.7302912118692777,1.7311793992781896,1.7303993586440425,1.753764650834272,1.5720154024632063,1.3735507956269062,1.6909145400863825,1.6253032345514868
0.9987066130769452,1.0472556108085433,1.2138467532066093,1.1925216845918536,1.2155279848183227,1.216710251528521,1.215348310348833,1.222939547736082,1.2520999370285342,1.096186804980306,0.9450918732595336,1.1396276433259573
1.0253679807040876,1.3688916192865825,1.5511157696681415,1.503938204896662,1.5511625519442238,1.5539401254380911,1.5523375000494037,1.5197300495548458,1.4214703042283232,1.3234914448655868,1.3932725917781406,1.472724298880419
0.5921298168764954,0.9217409634583053,1.1908184399089548,1.128391614878122,1.192144750365924,1.1937663115379393,1.1920219041307487,1.1974521271103868,1.0525549004087376,1.0312565064232138,1.1369840463617467,1.0581558443232573
1.333056218324444,1.6116814299746436,1.7527861661825883,1.7742985043786432,1.7525987589802514,1.751072323975457,1.7511387280815562,1.7207249025329692,1.4586750487085554,1.5844202066327155,1.3766805653288794,1.5568230865895316
3.272068831409133,2.3182478687353623,3.270885208561123,3.3758112153442457,3.2703164419722697,3.2558287913324766,3.2638136302040697,3.228369494124159,7.473814140068698,2.555421398750298,2.1777453140061467,2.3757755500049895
2.3070779565841972,2.0847135550034372,2.0813115928678876,2.1366073228833398,2.0745862077314547,2.077858822536282,2.0755296509999313,2.079692951378261,1.742752482111597,2.3053705008023737,2.712830638539158,2.1103492985385985
1.270075549242338,1.4185626797084037,1.736932935203359,1.7869676000158499,1.7296373801069231,1.7327108853408464,1.7293448633275699,1.716635193444183,1.5629473311001956,1.4870259941249042,0.9728285559265565,1.4018712057576095
2.008018629669428,2.310028176421701,2.37812615084306,2.4599368090783913,2.367295168146506,2.372538374081139,2.3688125212569853,2.375960505070446,2.1861061045628567,2.742699842758198,2.712830638539158,2.424672177857201
2.2181393557648152,2.3073934041936086,2.35101445417945,2.4575881649309737,2.3505685238352454,2.337742827889522,2.34174670346543,2.3340793574092373,2.0597474511476808,2.7627842336377495,2.0516262842815594,2.3131201420318956
1.7162317869978692,1.467608080402745,1.6710574325748173,1.6684729458499927,1.6709064039557018,1.6699308865658373,1.6700820113944412,1.6492803477504072,1.4773005335623406,1.7769145875940469,1.7997779891612613,1.7386097601610175
1.7468787831942598,1.51163771974415,1.707796641346463,1.7098481246375803,1.707648889780774,1.707152037852777,1.7068694197157563,1.6740903235841567,1.506171009611209,1.8234779171914364,1.7936485899219832,1.8014383941307597
2.0227017489617745,1.579309309628546,1.7337117708502279,1.7345768070741878,1.7322497357416378,1.7312365100812315,1.7312570392463,1.7051541903037688,1.4781683176662703,1.9525505390330213,1.8795746561577868,1.8307689656356345
2.175936729943727,1.5339234510449002,1.7131194752912622,1.690200698810325,1.7129831311799426,1.712490608913259,1.712919800849652,1.6966852744012402,1.4557146273632826,1.837646876843947,1.6314541361660997,1.9402314499728723
2.175936729943727,1.5875489509899798,1.7543572987863056,1.7279024723157388,1.7542160367372812,1.7543569499566973,1.7543337505625298,1.736189921298493,1.4480347266099898,2.0767231309366414,2.3027000253697785,2.295879042011975
2.4211126995148513,1.6465106348003717,1.8014378946097875,1.777479909465029,1.8012781493679375,1.7984820200984526,1.7988661840764748,1.8018456304097106,1.45901333583898,1.9682731740028117,2.089455830310582,2.202194288094055
1.6855847908014787,1.3580429429279632,1.5916654258075669,1.5601761211941783,1.591556594418725,1.591665455497822,1.5916555218438608,1.5716033140720183,1.3966263546759339,1.5351167114493771,1.64993948301378,1.7789844598019684
2.053348745158165,1.517608870817174,1.7086424729470258,1.6848396321636674,1.7085093948253198,1.7077024579137254,1.7077984664553338,1.680799526319539,1.439566804748129,1.885821313189455,1.6301566504630485,1.8600452093046356
2.6049946766931944,1.9454183985507907,2.0453980210193086,2.052977064901516,2.0451684758743265,2.0389361475014125,2.0407945621614547,2.045442836701044,1.5830302311439721,2.282935649044231,2.734640969463717,2.3990664313118533
1.6301857062881215,1.270273116063607,1.5291512270994143,1.4950643226701699,1.5290708473252945,1.5291514518172447,1.5291494787998974,1.5088655037134031,1.383046158878639,1.3347913964731144,1.64993948301378,1.7059016597294514
2.2229805085747114,1.5682917331601314,1.7360047568821422,1.7131334482123113,1.73587924456152,1.734932259460504,1.7351548460148134,1.7153589029474112,1.456890315330782,1.8950465371159584,2.258482598536724,2.238705148018952
2.3958789925749664,1.8701209168672681,2.000239953285001,1.9949898060197933,2.0000529430996723,1.9982123738386897,1.999830064720617,2.001054377345698,1.5842483806252927,2.1442619226164044,2.4580609033665755,2.3569338913980524
1.4867078788492107,1.4330735166991113,1.6793889915624314,1.688993131581209,1.6792070108640238,1.67847940254769,1.6791139095599166,1.646828881874675,1.483465039915235,1.7359923526813534,1.6838587773471851,1.7617325285128573
2.230061818273816,1.7591634461204841,1.8733387228945992,1.8930104413765196,1.8731172674873406,1.8682726192188737,1.869361784742027,1.865807679882573,1.512971147260256,2.1335169522217505,2.734640969463717,2.3215405137258784
2.856044083052431,1.8701209168672681,2.0198037248861254,2.0109521768145004,2.019596881491939,2.0176175865019426,2.0193569532065574,2.019269351415127,1.5890417714586587,2.187099506190296,2.4580609033665755,2.3094889289287757
1.7375318484062485,1.340985653480013,1.5697156128413,1.553982944201226,1.569617804275525,1.5697156789814057,1.569707804498305,1.548738557148165,1.4133938154856194,1.4908931445442453,1.8827382416548204,1.6923624324311417
2.448340331845168,1.649723975135295,1.7836597334613722,1.7752284197230204,1.7804859101767307,1.7826514072280666,1.78094743754875,1.7886084910606441,1.5146252006847656,1.9060389693904103,2.2140551066631833,2.2004642703142085
2.4878296920362195,1.7845769235706397,1.9570747535716526,1.9397604518150198,1.9569267792512732,1.9546366821815375,1.9557058322925853,1.926931864349127,1.585134574300822,2.0041459238210337,2.087663061625986,2.256633150629408
0.8561097677422416,1.2583703321724302,1.3155986107274549,1.2835309258011327,1.3043342955396038,1.314155108972821,1.3082237583314387,1.3123840928712664,1.4333622840826554,1.1095429879142742,1.2798539313469228,1.1893003103610376
0.8524478677749194,1.3866737215043103,1.405584775031119,1.3794913783262004,1.3927523532808048,1.4022227187837235,1.3956969004554716,1.3994413069455272,1.4770655908827897,1.0869007845413101,1.2798539313469228,1.160613487207528
1.478518216637243,1.7780292100480424,1.6247736217569764,1.61127534083066,1.6135248386194037,1.6221588767127155,1.615191606342782,1.6083215605392178,1.499885346888678,1.4046819774710901,1.6282052410167807,1.5828850234540384
1.4836253607361627,1.8801631073033842,1.7171282299667563,1.7110795097248768,1.7068486676719479,1.7090515949830412,1.7014997915816146,1.718964003030756,1.6052068331939686,1.4760116031260448,1.732586225314418,1.6719407260982497
1.7450056266102842,1.6921845517193113,1.9214355114306114,1.8844605476658713,1.9212400583374232,1.9214347755880654,1.9213959209212814,1.901144726549794,1.4890956405528473,2.1650663287970895,2.3027000253697785,1.9164977883594323
1.3618168493726164,1.2480102949331353,1.4304147363730222,1.4124279260144466,1.4304467726462209,1.4328030135360927,1.431304769485409,1.4148027939933876,1.3858465332228425,1.3828384160642533,1.322301662967785,1.3715491019501092
1.2449955868801423,1.087761419505907,1.3280953046462938,1.3110758412275838,1.3286983380805109,1.3333394485002001,1.3308597153344364,1.3138037486818788,1.3367997139117007,1.1632034902512547,0.9019355576104421,1.140248708590903
1.1303850821760966,1.1848584846420946,1.1337787748688233,1.174892090773719,1.1340449851967656,1.139838072155988,1.1367959241386292,1.1460763370140343,1.421949240811202,1.2337601210242921,1.3973326708391738,1.1377556010219785
0.9541985184418593,1.0537673916230348,1.0556770333561114,1.0930398041077296,1.0612495108197961,1.0657693221297857,1.0691248114831693,1.061005831154422,1.344034494739608,1.2479690554549487,1.181879756372362,1.0877121413114816
1.6479843583128033,1.613394772991034,1.7494007731558148,1.743745051947205,1.7452454247776505,1.7474242751890134,1.745420953877607,1.7285757047303094,1.4866901540200166,1.8973442782726586,1.9779162602115714,1.797631577066832
1.597277147287794,1.4641092168673961,1.645574751144813,1.619103527147235,1.6448061777175063,1.6454083628482716,1.6447565319503208,1.6209992715801598,1.446729849420606,1.8025494804385425,1.7115715457119705,1.5891493347861254
1.5465699362627847,1.461120189660764,1.6416825344710755,1.6038272878857702,1.6415873581351652,1.6411707089721859,1.6406638705384575,1.6430121816694536,1.424593622415874,1.7490175818555334,1.641149456771575,1.6228245330008126
1.6226307528002986,1.4653370346631682,1.6603283880076574,1.6265016403081771,1.658346814331585,1.6601873307852377,1.6586480560147063,1.6657573254815274,1.4654816460618991,1.7389512312877655,1.6354609288474053,1.6658165273174559
2.2311172851004106,1.8377745160025292,2.179893574547111,2.1724016406063753,2.17545113271279,2.1769969774759312,2.1760542376836307,2.197454257481927,1.9273469480655177,2.2195004844510366,2.526873498564819,2.2641208148449263
2.205763679587906,1.8028681281649666,2.1456313490683097,2.1329897880408852,2.1418931879283614,2.1391340200970697,2.13681912910295,2.121866721775065,1.661756321949932,2.190594057901279,2.431190908108644,2.195036388290732
1.6986915693378126,1.4952500958903396,1.6774905729903058,1.6490673591930132,1.675301782804039,1.677202423037139,1.6756310039775686,1.6823499627675087,1.472468743342725,1.771721684284852,1.6354609288474053,1.7005935161895276
2.053642046512878,1.770485657993147,2.1124827229887178,2.0923768193126215,2.112294144440506,2.1063834035930284,2.1083941810444466,2.122476389742687,1.60033871745128,2.128386403747787,2.089455830310582,2.107179095593553
2.220804662468005,1.513743944552173,1.7919206598853767,1.7013499021840917,1.791858943498859,1.7913357293940957,1.791186476074268,1.8126013898517919,1.5195901401030694,1.5508083599130236,1.4010606167617414,1.7328945855482092
1.1780890480701713,1.590579706079594,1.3479475651317732,1.3540101779410685,1.3482151873033161,1.3513571407885177,1.3501153937286448,1.3710498154720918,1.3663068022327851,1.2397519709891063,1.2605879404708238,1.2779231544622702
1.0287620128516244,1.495517171906031,1.3380669560952045,1.323910667008281,1.3368426735862722,1.3389847620334692,1.3372477371424667,1.393139960330547,1.1562530192938794,0.8281633895167991,1.4498564068291244,1.2405214952823163
1.0780920190640229,1.0798810357596809,1.0046184217857785,0.9788017135504902,1.0051185356286079,1.0046207229493682,1.0047310922634292,1.0419321000998867,1.0924951374484535,0.8705361964445102,1.2399676149481815,1.0759783452312828
1.2653450392743921,1.299393505108331,1.494016722419235,1.4544270564542625,1.4940508558959371,1.4952711470119813,1.4947996653802673,1.4693870727178853,1.4403634285354716,1.5072084935931445,1.7936485899219832,1.546089568430582
1.4754429190296872,1.2558596226296304,1.4825899656861077,1.4379633473404838,1.4826301093855427,1.484740851691732,1.4834361800318598,1.4662318296162375,1.4243261992963077,1.3548446383571486,1.322301662967785,1.3609155783862499
1.274749768857574,1.2129629770354136,1.4505149455133273,1.3905724276993134,1.4505352083049479,1.453765796954431,1.452034280019157,1.4580160149250834,1.407566291668236,1.4529573324397518,1.3258000155171559,1.4378966336166772
1.3282314949684522,1.2048537336414757,1.4476705559602252,1.3954120245611787,1.4481200571342174,1.4513274936230984,1.4512085477003156,1.4325345338471192,1.4261762263088182,1.4507952897516667,1.3124295839894362,1.367600754367546
1.234180608796092,1.1976417581501926,1.401684621311356,1.3333805275278485,1.4017057960566766,1.4032888411065338,1.4018921246277325,1.393489153792746,1.4066744252133734,1.3390828247391149,1.3359423055325264,1.3697896669641736
1.3900973670901773,1.5231427988379553,1.7860208288585309,1.7478682962152725,1.7860093711753784,1.7858268207329553,1.7859208657177994,1.77135235451646,1.5402891611308698,1.643006067204165,1.8344183073922984,1.7086798323076788
1.7046072490537327,1.5115337011725967,1.781255400639677,1.7416049492353454,1.7812296933855014,1.7812553448233004,1.781251149405996,1.7728199365927435,1.5255706622321377,1.6498980360088296,1.8398095813971047,1.616530076970932
1.908526714633132,1.5089340613265323,1.773785772196966,1.728493868236533,1.7737233102921206,1.77346538890393,1.7736910658349534,1.7841112315936776,1.5380674882332688,1.689089210274181,1.6286523990445518,1.788964132745233
1.5085656377312393,1.3260899492121894,1.4672648663688983,1.409469494927286,1.467434096355034,1.4686676797512055,1.467445729312983,1.4800841906996698,1.5045129258947243,1.3634217782600253,1.485723284331979,1.5858296862877976
1.2668617510229192,1.323806276841324,1.379981032639507,1.3202528187779308,1.3801102483075633,1.3836034214326114,1.3816592617868646,1.3802780209391154,1.5417829813237647,1.4052239055695352,1.2919804157532224,1.437402602948814
1.5132816560478768,1.320650591218258,1.418608451928412,1.3655920979859841,1.4181271897351255,1.42148270974733,1.4193323040383397,1.423915585734009,1.5262463862953015,1.4114385154251052,1.4664677406976268,1.4512502048610953
2.0419811118461526,1.299674494585458,1.4643555356193865,1.4255589936257036,1.4643168747663942,1.4664166021951135,1.4648754425953607,1.4707700044875507,1.473824701702776,1.4822320042323434,1.383315582746106,1.3797968518933998
1.2258731056437482,1.0782712078226582,1.138627442799426,1.0957325035633967,1.138840093797051,1.1422304367567195,1.1413326883155055,1.1257125644015396,1.2463572778465961,1.0210754608282302,1.055000489144825,1.1091364466906593
0.9995060059963994,1.0379850396128658,1.1098282875087855,1.083310891543545,1.1100891412607403,1.1098302058495007,1.109906547390041,1.1047316781794867,1.327263979361717,1.0159904412416405,1.0915197910978427,1.093461464409666
1.0531529420439214,1.0559857552282814,1.1330220068386208,1.0938633551565182,1.133262508110574,1.1393170924610267,1.1360029215169045,1.1339182041421996,1.3490948314432754,1.0036380495208652,1.1068710477805679,1.1343730726592345
1.015548234055025,1.037504393247855,1.1169279866323674,1.0840206026545358,1.1191399977654828,1.127244033022928,1.1233700545572014,1.1192645798063159,1.3349158597636048,1.0067938549516608,1.1053406410511974,1.0670738124013248
1.118091464334955,1.0365685833699207,1.1108860481832692,1.0765377008803283,1.1161104589551076,1.114933444284097,1.115415406685711,1.124763383736223,1.2933218218393807,1.0467565335988056,0.9450918732595336,1.030623394149719
1.108239632692018,1.0573285859001251,1.115306630630117,1.079142507978864,1.1155312602884626,1.1190362622688612,1.1181243688582727,1.1026117348414528,1.1983537419862884,0.997832684774118,1.055000489144825,1.0834091811151005
1.1449976753617053,1.0539565414826673,1.1279217540295474,1.0953778466539663,1.1281710185230973,1.127923612244683,1.1279972247918366,1.1229498668557096,1.3467933740503006,1.0081987095760336,1.0915197910978427,1.072975247725818
1.0669930761896071,1.1415623486965962,1.003939903669449,1.167520844192407,1.0043076301135372,1.0039421614001636,1.0040378277374042,1.0071094378268612,0.8720125668841784,0.28476397309674917,0.9988743831092143,1.1349024906950873
0.5608657855183237,0.8382422259479895,0.5543426298592984,0.9332054262076808,0.5551099539670099,0.5543466074348311,0.5545269282657426,0.5549668680375373,-1.8061464543845762,0.29271884948612226,1.0915197910978427,1.0179530399232886
1.1357444804799968,1.3622074277417853,1.0379483638374092,1.061675918203874,1.0472535589838556,1.0489150114318808,1.0552692727081214,1.0766411069269561,1.179018799870367,1.1122806158789906,1.181879756372362,1.021404859977097
